Workbook

Sheet Raw Logs
A1: Buttons: (2,3,4,5,6,7,8) (0,1,2,3,7) (1,2,3,4,8) (1,2,3,4,5,6,8) (0,4,6,7,8) (4,6,7) (5) (0,1,3,7,8) | E1: =IF(LEFT(A1,7)="SOLVED!",1,"")
A2: Third segment: {13,30,32,41,36,25,29,24,45} | E2: =IF(LEFT(A2,7)="SOLVED!",1,"")
A3: SOLVED! New button count: 45 for line 0 (Time: 0.07 seconds) | E3: =IF(LEFT(A3,7)="SOLVED!",1,"") -> 1 | F3: =IF(E3=1,RIGHT(A3,LEN(A3)-26),"") -> 45 for line 0 (Time: 0.07 seconds) | G3: =IF(E3=1,LEFT(F3,SEARCH(" ",F3))*1,"") -> 45 | H3: =IF(E3=1,MID(F3,SEARCH("line ",F3)+5,SEARCH(" ",F3,SEARCH("line ",F3)+6)-SEARCH("line ",F3)-5)*1,"") -> 0 | I3: =IF(E3=1,MID(F3,SEARCH("Time: ",F3)+6,SEARCH(" ",F3,SEARCH("Time: ",F3)+7)-SEARCH("Time: ",F3)-6)*1,"") -> 0.07
A4: Buttons: (0,3,4,5) (3,4) (0,1,3,5,6) (0,1,5,6) (5,6) (0,1,2,4,6) (1,2,3,5) (2,4,5,6) (0,1,2,3,6) | E4: =IF(LEFT(A4,7)="SOLVED!",1,"") | F4: =IF(E4=1,RIGHT(A4,LEN(A4)-26),"") | G4: =IF(E4=1,LEFT(F4,SEARCH(" ",F4))*1,"") | H4: =IF(E4=1,MID(F4,SEARCH("line ",F4)+5,SEARCH(" ",F4,SEARCH("line ",F4)+6)-SEARCH("line ",F4)-5)*1,"") | I4: =IF(E4=1,MID(F4,SEARCH("Time: ",F4)+6,SEARCH(" ",F4,SEARCH("Time: ",F4)+7)-SEARCH("Time: ",F4)-6)*1,"")
A5: Third segment: {54,55,37,35,27,43,65} | E5: =IF(LEFT(A5,7)="SOLVED!",1,"") | F5: =IF(E5=1,RIGHT(A5,LEN(A5)-26),"") | G5: =IF(E5=1,LEFT(F5,SEARCH(" ",F5))*1,"") | H5: =IF(E5=1,MID(F5,SEARCH("line ",F5)+5,SEARCH(" ",F5,SEARCH("line ",F5)+6)-SEARCH("line ",F5)-5)*1,"") | I5: =IF(E5=1,MID(F5,SEARCH("Time: ",F5)+6,SEARCH(" ",F5,SEARCH("Time: ",F5)+7)-SEARCH("Time: ",F5)-6)*1,"")
A6: SOLVED! New button count: 68 for line 1 (Time: 2.23 seconds) | E6: =IF(LEFT(A6,7)="SOLVED!",1,"") -> 1 | F6: =IF(E6=1,RIGHT(A6,LEN(A6)-26),"") -> 68 for line 1 (Time: 2.23 seconds) | G6: =IF(E6=1,LEFT(F6,SEARCH(" ",F6))*1,"") -> 68 | H6: =IF(E6=1,MID(F6,SEARCH("line ",F6)+5,SEARCH(" ",F6,SEARCH("line ",F6)+6)-SEARCH("line ",F6)-5)*1,"") -> 1 | I6: =IF(E6=1,MID(F6,SEARCH("Time: ",F6)+6,SEARCH(" ",F6,SEARCH("Time: ",F6)+7)-SEARCH("Time: ",F6)-6)*1,"") -> 2.23
A7: Buttons: (1,3) (1,2) (0,1,2,3) | E7: =IF(LEFT(A7,7)="SOLVED!",1,"") | F7: =IF(E7=1,RIGHT(A7,LEN(A7)-26),"") | G7: =IF(E7=1,LEFT(F7,SEARCH(" ",F7))*1,"") | H7: =IF(E7=1,MID(F7,SEARCH("line ",F7)+5,SEARCH(" ",F7,SEARCH("line ",F7)+6)-SEARCH("line ",F7)-5)*1,"") | I7: =IF(E7=1,MID(F7,SEARCH("Time: ",F7)+6,SEARCH(" ",F7,SEARCH("Time: ",F7)+7)-SEARCH("Time: ",F7)-6)*1,"")
A8: Third segment: {19,46,28,37} | E8: =IF(LEFT(A8,7)="SOLVED!",1,"") | F8: =IF(E8=1,RIGHT(A8,LEN(A8)-26),"") | G8: =IF(E8=1,LEFT(F8,SEARCH(" ",F8))*1,"") | H8: =IF(E8=1,MID(F8,SEARCH("line ",F8)+5,SEARCH(" ",F8,SEARCH("line ",F8)+6)-SEARCH("line ",F8)-5)*1,"") | I8: =IF(E8=1,MID(F8,SEARCH("Time: ",F8)+6,SEARCH(" ",F8,SEARCH("Time: ",F8)+7)-SEARCH("Time: ",F8)-6)*1,"")
A9: SOLVED! New button count: 46 for line 2 (Time: 0.0 seconds) | E9: =IF(LEFT(A9,7)="SOLVED!",1,"") -> 1 | F9: =IF(E9=1,RIGHT(A9,LEN(A9)-26),"") -> 46 for line 2 (Time: 0.0 seconds) | G9: =IF(E9=1,LEFT(F9,SEARCH(" ",F9))*1,"") -> 46 | H9: =IF(E9=1,MID(F9,SEARCH("line ",F9)+5,SEARCH(" ",F9,SEARCH("line ",F9)+6)-SEARCH("line ",F9)-5)*1,"") -> 2 | I9: =IF(E9=1,MID(F9,SEARCH("Time: ",F9)+6,SEARCH(" ",F9,SEARCH("Time: ",F9)+7)-SEARCH("Time: ",F9)-6)*1,"") -> 0
A10: Buttons: (2,3) (0,5) (0,3) (1,3,5) (1,3) (1,2,3) (0,2,3,4) (0,1,3) | E10: =IF(LEFT(A10,7)="SOLVED!",1,"") | F10: =IF(E10=1,RIGHT(A10,LEN(A10)-26),"") | G10: =IF(E10=1,LEFT(F10,SEARCH(" ",F10))*1,"") | H10: =IF(E10=1,MID(F10,SEARCH("line ",F10)+5,SEARCH(" ",F10,SEARCH("line ",F10)+6)-SEARCH("line ",F10)-5)*1,"") | I10: =IF(E10=1,MID(F10,SEARCH("Time: ",F10)+6,SEARCH(" ",F10,SEARCH("Time: ",F10)+7)-SEARCH("Time: ",F10)-6)*1,"")
A11: Third segment: {43,26,17,46,15,25} | E11: =IF(LEFT(A11,7)="SOLVED!",1,"") | F11: =IF(E11=1,RIGHT(A11,LEN(A11)-26),"") | G11: =IF(E11=1,LEFT(F11,SEARCH(" ",F11))*1,"") | H11: =IF(E11=1,MID(F11,SEARCH("line ",F11)+5,SEARCH(" ",F11,SEARCH("line ",F11)+6)-SEARCH("line ",F11)-5)*1,"") | I11: =IF(E11=1,MID(F11,SEARCH("Time: ",F11)+6,SEARCH(" ",F11,SEARCH("Time: ",F11)+7)-SEARCH("Time: ",F11)-6)*1,"")
A12: SOLVED! New button count: 58 for line 3 (Time: 0.01 seconds) | E12: =IF(LEFT(A12,7)="SOLVED!",1,"") -> 1 | F12: =IF(E12=1,RIGHT(A12,LEN(A12)-26),"") -> 58 for line 3 (Time: 0.01 seconds) | G12: =IF(E12=1,LEFT(F12,SEARCH(" ",F12))*1,"") -> 58 | H12: =IF(E12=1,MID(F12,SEARCH("line ",F12)+5,SEARCH(" ",F12,SEARCH("line ",F12)+6)-SEARCH("line ",F12)-5)*1,"") -> 3 | I12: =IF(E12=1,MID(F12,SEARCH("Time: ",F12)+6,SEARCH(" ",F12,SEARCH("Time: ",F12)+7)-SEARCH("Time: ",F12)-6)*1,"") -> 0.01
A13: Buttons: (0,1,2,3,5,7,8) (0,1,2,3,4,6,7,8) (1) (0,2,3,4,5,6,7) (0,1,7) (0,2,3,5) (3,8) (1,6) (0,1,2,4) (0,1,6,7,8) | E13: =IF(LEFT(A13,7)="SOLVED!",1,"") | F13: =IF(E13=1,RIGHT(A13,LEN(A13)-26),"") | G13: =IF(E13=1,LEFT(F13,SEARCH(" ",F13))*1,"") | H13: =IF(E13=1,MID(F13,SEARCH("line ",F13)+5,SEARCH(" ",F13,SEARCH("line ",F13)+6)-SEARCH("line ",F13)-5)*1,"") | I13: =IF(E13=1,MID(F13,SEARCH("Time: ",F13)+6,SEARCH(" ",F13,SEARCH("Time: ",F13)+7)-SEARCH("Time: ",F13)-6)*1,"")
A14: Third segment: {61,67,34,31,28,23,53,50,24} | E14: =IF(LEFT(A14,7)="SOLVED!",1,"") | F14: =IF(E14=1,RIGHT(A14,LEN(A14)-26),"") | G14: =IF(E14=1,LEFT(F14,SEARCH(" ",F14))*1,"") | H14: =IF(E14=1,MID(F14,SEARCH("line ",F14)+5,SEARCH(" ",F14,SEARCH("line ",F14)+6)-SEARCH("line ",F14)-5)*1,"") | I14: =IF(E14=1,MID(F14,SEARCH("Time: ",F14)+6,SEARCH(" ",F14,SEARCH("Time: ",F14)+7)-SEARCH("Time: ",F14)-6)*1,"")
... A305: from run.rb:19:in `<main>' | E305: =IF(LEFT(A305,7)="SOLVED!",1,"") | F305: =IF(E305=1,RIGHT(A305,LEN(A305)-26),"") | G305: =IF(E305=1,LEFT(F305,SEARCH(" ",F305))*1,"") | H305: =IF(E305=1,MID(F305,SEARCH("line ",F305)+5,SEARCH(" ",F305,SEARCH("line ",F305)+6)-SEARCH("line ",F305)-5)*1,"") | I305: =IF(E305=1,MID(F305,SEARCH("Time: ",F305)+6,SEARCH(" ",F305,SEARCH("Time: ",F305)+7)-SEARCH("Time: ",F305)-6)*1,"")
E306: =IF(LEFT(A306,7)="SOLVED!",1,"") | F306: =IF(E306=1,RIGHT(A306,LEN(A306)-26),"") | G306: =IF(E306=1,LEFT(F306,SEARCH(" ",F306))*1,"") | H306: =IF(E306=1,MID(F306,SEARCH("line ",F306)+5,SEARCH(" ",F306,SEARCH("line ",F306)+6)-SEARCH("line ",F306)-5)*1,"") | I306: =IF(E306=1,MID(F306,SEARCH("Time: ",F306)+6,SEARCH(" ",F306,SEARCH("Time: ",F306)+7)-SEARCH("Time: ",F306)-6)*1,"")
A307: [~/Documents/programming/adventofcode/2025] | E307: =IF(LEFT(A307,7)="SOLVED!",1,"") | F307: =IF(E307=1,RIGHT(A307,LEN(A307)-26),"") | G307: =IF(E307=1,LEFT(F307,SEARCH(" ",F307))*1,"") | H307: =IF(E307=1,MID(F307,SEARCH("line ",F307)+5,SEARCH(" ",F307,SEARCH("line ",F307)+6)-SEARCH("line ",F307)-5)*1,"") | I307: =IF(E307=1,MID(F307,SEARCH("Time: ",F307)+6,SEARCH(" ",F307,SEARCH("Time: ",F307)+7)-SEARCH("Time: ",F307)-6)*1,"")
A308: 19:02 - gregeusden-> ruby run.rb 10 2 | E308: =IF(LEFT(A308,7)="SOLVED!",1,"") | F308: =IF(E308=1,RIGHT(A308,LEN(A308)-26),"") | G308: =IF(E308=1,LEFT(F308,SEARCH(" ",F308))*1,"") | H308: =IF(E308=1,MID(F308,SEARCH("line ",F308)+5,SEARCH(" ",F308,SEARCH("line ",F308)+6)-SEARCH("line ",F308)-5)*1,"") | I308: =IF(E308=1,MID(F308,SEARCH("Time: ",F308)+6,SEARCH(" ",F308,SEARCH("Time: ",F308)+7)-SEARCH("Time: ",F308)-6)*1,"")
A309: Buttons: (0,2) (0,2,3,4) (0,1,4) (0,1,2) (0,4) (0,1) (2,3) | E309: =IF(LEFT(A309,7)="SOLVED!",1,"") | F309: =IF(E309=1,RIGHT(A309,LEN(A309)-26),"") | G309: =IF(E309=1,LEFT(F309,SEARCH(" ",F309))*1,"") | H309: =IF(E309=1,MID(F309,SEARCH("line ",F309)+5,SEARCH(" ",F309,SEARCH("line ",F309)+6)-SEARCH("line ",F309)-5)*1,"") | I309: =IF(E309=1,MID(F309,SEARCH("Time: ",F309)+6,SEARCH(" ",F309,SEARCH("Time: ",F309)+7)-SEARCH("Time: ",F309)-6)*1,"")
A310: Third segment: {48,21,44,21,23} | E310: =IF(LEFT(A310,7)="SOLVED!",1,"") | F310: =IF(E310=1,RIGHT(A310,LEN(A310)-26),"") | G310: =IF(E310=1,LEFT(F310,SEARCH(" ",F310))*1,"") | H310: =IF(E310=1,MID(F310,SEARCH("line ",F310)+5,SEARCH(" ",F310,SEARCH("line ",F310)+6)-SEARCH("line ",F310)-5)*1,"") | I310: =IF(E310=1,MID(F310,SEARCH("Time: ",F310)+6,SEARCH(" ",F310,SEARCH("Time: ",F310)+7)-SEARCH("Time: ",F310)-6)*1,"")
A311: SOLVED! New button count: 48 for line 96 (Time: 0.03 seconds) | E311: =IF(LEFT(A311,7)="SOLVED!",1,"") -> 1 | F311: =IF(E311=1,RIGHT(A311,LEN(A311)-26),"") -> 48 for line 96 (Time: 0.03 seconds) | G311: =IF(E311=1,LEFT(F311,SEARCH(" ",F311))*1,"") -> 48 | H311: =IF(E311=1,MID(F311,SEARCH("line ",F311)+5,SEARCH(" ",F311,SEARCH("line ",F311)+6)-SEARCH("line ",F311)-5)*1,"") -> 96 | I311: =IF(E311=1,MID(F311,SEARCH("Time: ",F311)+6,SEARCH(" ",F311,SEARCH("Time: ",F311)+7)-SEARCH("Time: ",F311)-6)*1,"") -> 0.03
A312: Buttons: (5,6,7) (1,2,3,5,6) (2,3,4,6) (1,2,3,5,6,7) (1,6) (0,2,3,4,5,7) (1,2,4,5,6) (1,3,6) (1,6,7) (0,2,4,5) | E312: =IF(LEFT(A312,7)="SOLVED!",1,"") | F312: =IF(E312=1,RIGHT(A312,LEN(A312)-26),"") | G312: =IF(E312=1,LEFT(F312,SEARCH(" ",F312))*1,"") | H312: =IF(E312=1,MID(F312,SEARCH("line ",F312)+5,SEARCH(" ",F312,SEARCH("line ",F312)+6)-SEARCH("line ",F312)-5)*1,"") | I312: =IF(E312=1,MID(F312,SEARCH("Time: ",F312)+6,SEARCH(" ",F312,SEARCH("Time: ",F312)+7)-SEARCH("Time: ",F312)-6)*1,"")
A313: Third segment: {20,65,67,45,46,64,76,51} | E313: =IF(LEFT(A313,7)="SOLVED!",1,"") | F313: =IF(E313=1,RIGHT(A313,LEN(A313)-26),"") | G313: =IF(E313=1,LEFT(F313,SEARCH(" ",F313))*1,"") | H313: =IF(E313=1,MID(F313,SEARCH("line ",F313)+5,SEARCH(" ",F313,SEARCH("line ",F313)+6)-SEARCH("line ",F313)-5)*1,"") | I313: =IF(E313=1,MID(F313,SEARCH("Time: ",F313)+6,SEARCH(" ",F313,SEARCH("Time: ",F313)+7)-SEARCH("Time: ",F313)-6)*1,"")
A314: SOLVED! New button count: 96 for line 97 (Time: 0.35 seconds) | E314: =IF(LEFT(A314,7)="SOLVED!",1,"") -> 1 | F314: =IF(E314=1,RIGHT(A314,LEN(A314)-26),"") -> 96 for line 97 (Time: 0.35 seconds) | G314: =IF(E314=1,LEFT(F314,SEARCH(" ",F314))*1,"") -> 96 | H314: =IF(E314=1,MID(F314,SEARCH("line ",F314)+5,SEARCH(" ",F314,SEARCH("line ",F314)+6)-SEARCH("line ",F314)-5)*1,"") -> 97 | I314: =IF(E314=1,MID(F314,SEARCH("Time: ",F314)+6,SEARCH(" ",F314,SEARCH("Time: ",F314)+7)-SEARCH("Time: ",F314)-6)*1,"") -> 0.35
A315: Buttons: (0,1,2,7) (1,2,3,5,6,7,8) (2) (4,6,8) (0,1,3,5,6) (0,2,4,5,6,7) (1,7,8) | E315: =IF(LEFT(A315,7)="SOLVED!",1,"") | F315: =IF(E315=1,RIGHT(A315,LEN(A315)-26),"") | G315: =IF(E315=1,LEFT(F315,SEARCH(" ",F315))*1,"") | H315: =IF(E315=1,MID(F315,SEARCH("line ",F315)+5,SEARCH(" ",F315,SEARCH("line ",F315)+6)-SEARCH("line ",F315)-5)*1,"") | I315: =IF(E315=1,MID(F315,SEARCH("Time: ",F315)+6,SEARCH(" ",F315,SEARCH("Time: ",F315)+7)-SEARCH("Time: ",F315)-6)*1,"")
A316: Third segment: {26,43,32,20,15,24,35,30,32} | E316: =IF(LEFT(A316,7)="SOLVED!",1,"") | F316: =IF(E316=1,RIGHT(A316,LEN(A316)-26),"") | G316: =IF(E316=1,LEFT(F316,SEARCH(" ",F316))*1,"") | H316: =IF(E316=1,MID(F316,SEARCH("line ",F316)+5,SEARCH(" ",F316,SEARCH("line ",F316)+6)-SEARCH("line ",F316)-5)*1,"") | I316: =IF(E316=1,MID(F316,SEARCH("Time: ",F316)+6,SEARCH(" ",F316,SEARCH("Time: ",F316)+7)-SEARCH("Time: ",F316)-6)*1,"")
A317: SOLVED! New button count: 78 for line 98 (Time: 0.0 seconds) | E317: =IF(LEFT(A317,7)="SOLVED!",1,"") -> 1 | F317: =IF(E317=1,RIGHT(A317,LEN(A317)-26),"") -> 78 for line 98 (Time: 0.0 seconds) | G317: =IF(E317=1,LEFT(F317,SEARCH(" ",F317))*1,"") -> 78 | H317: =IF(E317=1,MID(F317,SEARCH("line ",F317)+5,SEARCH(" ",F317,SEARCH("line ",F317)+6)-SEARCH("line ",F317)-5)*1,"") -> 98 | I317: =IF(E317=1,MID(F317,SEARCH("Time: ",F317)+6,SEARCH(" ",F317,SEARCH("Time: ",F317)+7)-SEARCH("Time: ",F317)-6)*1,"") -> 0
A318: Buttons: (0,1,2) (1) (0,1,3) | E318: =IF(LEFT(A318,7)="SOLVED!",1,"") | F318: =IF(E318=1,RIGHT(A318,LEN(A318)-26),"") | G318: =IF(E318=1,LEFT(F318,SEARCH(" ",F318))*1,"") | H318: =IF(E318=1,MID(F318,SEARCH("line ",F318)+5,SEARCH(" ",F318,SEARCH("line ",F318)+6)-SEARCH("line ",F318)-5)*1,"") | I318: =IF(E318=1,MID(F318,SEARCH("Time: ",F318)+6,SEARCH(" ",F318,SEARCH("Time: ",F318)+7)-SEARCH("Time: ",F318)-6)*1,"")
... A353: from run.rb:19:in `<main>' | E353: =IF(LEFT(A353,7)="SOLVED!",1,"") | F353: =IF(E353=1,RIGHT(A353,LEN(A353)-26),"") | G353: =IF(E353=1,LEFT(F353,SEARCH(" ",F353))*1,"") | H353: =IF(E353=1,MID(F353,SEARCH("line ",F353)+5,SEARCH(" ",F353,SEARCH("line ",F353)+6)-SEARCH("line ",F353)-5)*1,"") | I353: =IF(E353=1,MID(F353,SEARCH("Time: ",F353)+6,SEARCH(" ",F353,SEARCH("Time: ",F353)+7)-SEARCH("Time: ",F353)-6)*1,"")
E354: =IF(LEFT(A354,7)="SOLVED!",1,"") | F354: =IF(E354=1,RIGHT(A354,LEN(A354)-26),"") | G354: =IF(E354=1,LEFT(F354,SEARCH(" ",F354))*1,"") | H354: =IF(E354=1,MID(F354,SEARCH("line ",F354)+5,SEARCH(" ",F354,SEARCH("line ",F354)+6)-SEARCH("line ",F354)-5)*1,"") | I354: =IF(E354=1,MID(F354,SEARCH("Time: ",F354)+6,SEARCH(" ",F354,SEARCH("Time: ",F354)+7)-SEARCH("Time: ",F354)-6)*1,"")
A355: [~/Documents/programming/adventofcode/2025] | E355: =IF(LEFT(A355,7)="SOLVED!",1,"") | F355: =IF(E355=1,RIGHT(A355,LEN(A355)-26),"") | G355: =IF(E355=1,LEFT(F355,SEARCH(" ",F355))*1,"") | H355: =IF(E355=1,MID(F355,SEARCH("line ",F355)+5,SEARCH(" ",F355,SEARCH("line ",F355)+6)-SEARCH("line ",F355)-5)*1,"") | I355: =IF(E355=1,MID(F355,SEARCH("Time: ",F355)+6,SEARCH(" ",F355,SEARCH("Time: ",F355)+7)-SEARCH("Time: ",F355)-6)*1,"")
A356: 19:11 - gregeusden-> ruby run.rb 10 2 | E356: =IF(LEFT(A356,7)="SOLVED!",1,"") | F356: =IF(E356=1,RIGHT(A356,LEN(A356)-26),"") | G356: =IF(E356=1,LEFT(F356,SEARCH(" ",F356))*1,"") | H356: =IF(E356=1,MID(F356,SEARCH("line ",F356)+5,SEARCH(" ",F356,SEARCH("line ",F356)+6)-SEARCH("line ",F356)-5)*1,"") | I356: =IF(E356=1,MID(F356,SEARCH("Time: ",F356)+6,SEARCH(" ",F356,SEARCH("Time: ",F356)+7)-SEARCH("Time: ",F356)-6)*1,"")
A357: Buttons: (0,1,3) (1,3) (0,1) (0,1,2) | E357: =IF(LEFT(A357,7)="SOLVED!",1,"") | F357: =IF(E357=1,RIGHT(A357,LEN(A357)-26),"") | G357: =IF(E357=1,LEFT(F357,SEARCH(" ",F357))*1,"") | H357: =IF(E357=1,MID(F357,SEARCH("line ",F357)+5,SEARCH(" ",F357,SEARCH("line ",F357)+6)-SEARCH("line ",F357)-5)*1,"") | I357: =IF(E357=1,MID(F357,SEARCH("Time: ",F357)+6,SEARCH(" ",F357,SEARCH("Time: ",F357)+7)-SEARCH("Time: ",F357)-6)*1,"")
A358: Third segment: {145,147,132,13} | E358: =IF(LEFT(A358,7)="SOLVED!",1,"") | F358: =IF(E358=1,RIGHT(A358,LEN(A358)-26),"") | G358: =IF(E358=1,LEFT(F358,SEARCH(" ",F358))*1,"") | H358: =IF(E358=1,MID(F358,SEARCH("line ",F358)+5,SEARCH(" ",F358,SEARCH("line ",F358)+6)-SEARCH("line ",F358)-5)*1,"") | I358: =IF(E358=1,MID(F358,SEARCH("Time: ",F358)+6,SEARCH(" ",F358,SEARCH("Time: ",F358)+7)-SEARCH("Time: ",F358)-6)*1,"")
A359: SOLVED! New button count: 147 for line 103 (Time: 0.0 seconds) | E359: =IF(LEFT(A359,7)="SOLVED!",1,"") -> 1 | F359: =IF(E359=1,RIGHT(A359,LEN(A359)-26),"") -> 147 for line 103 (Time: 0.0 seconds) | G359: =IF(E359=1,LEFT(F359,SEARCH(" ",F359))*1,"") -> 147 | H359: =IF(E359=1,MID(F359,SEARCH("line ",F359)+5,SEARCH(" ",F359,SEARCH("line ",F359)+6)-SEARCH("line ",F359)-5)*1,"") -> 103 | I359: =IF(E359=1,MID(F359,SEARCH("Time: ",F359)+6,SEARCH(" ",F359,SEARCH("Time: ",F359)+7)-SEARCH("Time: ",F359)-6)*1,"") -> 0
A360: Buttons: (0,1,3,5,6,7) (1,2,3,6) (1,4) (0,2,3,6,7) (5,6) (1,2,4,7) | E360: =IF(LEFT(A360,7)="SOLVED!",1,"") | F360: =IF(E360=1,RIGHT(A360,LEN(A360)-26),"") | G360: =IF(E360=1,LEFT(F360,SEARCH(" ",F360))*1,"") | H360: =IF(E360=1,MID(F360,SEARCH("line ",F360)+5,SEARCH(" ",F360,SEARCH("line ",F360)+6)-SEARCH("line ",F360)-5)*1,"") | I360: =IF(E360=1,MID(F360,SEARCH("Time: ",F360)+6,SEARCH(" ",F360,SEARCH("Time: ",F360)+7)-SEARCH("Time: ",F360)-6)*1,"")
A361: Third segment: {24,60,50,39,36,19,49,44} | E361: =IF(LEFT(A361,7)="SOLVED!",1,"") | F361: =IF(E361=1,RIGHT(A361,LEN(A361)-26),"") | G361: =IF(E361=1,LEFT(F361,SEARCH(" ",F361))*1,"") | H361: =IF(E361=1,MID(F361,SEARCH("line ",F361)+5,SEARCH(" ",F361,SEARCH("line ",F361)+6)-SEARCH("line ",F361)-5)*1,"") | I361: =IF(E361=1,MID(F361,SEARCH("Time: ",F361)+6,SEARCH(" ",F361,SEARCH("Time: ",F361)+7)-SEARCH("Time: ",F361)-6)*1,"")
A362: SOLVED! New button count: 85 for line 104 (Time: 0.0 seconds) | E362: =IF(LEFT(A362,7)="SOLVED!",1,"") -> 1 | F362: =IF(E362=1,RIGHT(A362,LEN(A362)-26),"") -> 85 for line 104 (Time: 0.0 seconds) | G362: =IF(E362=1,LEFT(F362,SEARCH(" ",F362))*1,"") -> 85 | H362: =IF(E362=1,MID(F362,SEARCH("line ",F362)+5,SEARCH(" ",F362,SEARCH("line ",F362)+6)-SEARCH("line ",F362)-5)*1,"") -> 104 | I362: =IF(E362=1,MID(F362,SEARCH("Time: ",F362)+6,SEARCH(" ",F362,SEARCH("Time: ",F362)+7)-SEARCH("Time: ",F362)-6)*1,"") -> 0
A363: Buttons: (0,1,2,3,4,6,8) (4,5) (3,6,8) (6,7,8) (2,3) (3,4,5,6,8) (0,2,5,7,8) (4,5,7) (0,1,6) | E363: =IF(LEFT(A363,7)="SOLVED!",1,"") | F363: =IF(E363=1,RIGHT(A363,LEN(A363)-26),"") | G363: =IF(E363=1,LEFT(F363,SEARCH(" ",F363))*1,"") | H363: =IF(E363=1,MID(F363,SEARCH("line ",F363)+5,SEARCH(" ",F363,SEARCH("line ",F363)+6)-SEARCH("line ",F363)-5)*1,"") | I363: =IF(E363=1,MID(F363,SEARCH("Time: ",F363)+6,SEARCH(" ",F363,SEARCH("Time: ",F363)+7)-SEARCH("Time: ",F363)-6)*1,"")
A364: Third segment: {27,20,38,50,38,31,41,9,42} | E364: =IF(LEFT(A364,7)="SOLVED!",1,"") | F364: =IF(E364=1,RIGHT(A364,LEN(A364)-26),"") | G364: =IF(E364=1,LEFT(F364,SEARCH(" ",F364))*1,"") | H364: =IF(E364=1,MID(F364,SEARCH("line ",F364)+5,SEARCH(" ",F364,SEARCH("line ",F364)+6)-SEARCH("line ",F364)-5)*1,"") | I364: =IF(E364=1,MID(F364,SEARCH("Time: ",F364)+6,SEARCH(" ",F364,SEARCH("Time: ",F364)+7)-SEARCH("Time: ",F364)-6)*1,"")
A365: SOLVED! New button count: 70 for line 105 (Time: 0.01 seconds) | E365: =IF(LEFT(A365,7)="SOLVED!",1,"") -> 1 | F365: =IF(E365=1,RIGHT(A365,LEN(A365)-26),"") -> 70 for line 105 (Time: 0.01 seconds) | G365: =IF(E365=1,LEFT(F365,SEARCH(" ",F365))*1,"") -> 70 | H365: =IF(E365=1,MID(F365,SEARCH("line ",F365)+5,SEARCH(" ",F365,SEARCH("line ",F365)+6)-SEARCH("line ",F365)-5)*1,"") -> 105 | I365: =IF(E365=1,MID(F365,SEARCH("Time: ",F365)+6,SEARCH(" ",F365,SEARCH("Time: ",F365)+7)-SEARCH("Time: ",F365)-6)*1,"") -> 0.01
A366: Buttons: (0,1) (0,2,4,5) (0,2,3,6) (0,6) (4,5,6) (1,2,3,5,6) (2,4,5) (1,2,3,4,6) (0,1,4,5) | E366: =IF(LEFT(A366,7)="SOLVED!",1,"") | F366: =IF(E366=1,RIGHT(A366,LEN(A366)-26),"") | G366: =IF(E366=1,LEFT(F366,SEARCH(" ",F366))*1,"") | H366: =IF(E366=1,MID(F366,SEARCH("line ",F366)+5,SEARCH(" ",F366,SEARCH("line ",F366)+6)-SEARCH("line ",F366)-5)*1,"") | I366: =IF(E366=1,MID(F366,SEARCH("Time: ",F366)+6,SEARCH(" ",F366,SEARCH("Time: ",F366)+7)-SEARCH("Time: ",F366)-6)*1,"")
... A411: from run.rb:19:in `<main>' | E411: =IF(LEFT(A411,7)="SOLVED!",1,"") | F411: =IF(E411=1,RIGHT(A411,LEN(A411)-26),"") | G411: =IF(E411=1,LEFT(F411,SEARCH(" ",F411))*1,"") | H411: =IF(E411=1,MID(F411,SEARCH("line ",F411)+5,SEARCH(" ",F411,SEARCH("line ",F411)+6)-SEARCH("line ",F411)-5)*1,"") | I411: =IF(E411=1,MID(F411,SEARCH("Time: ",F411)+6,SEARCH(" ",F411,SEARCH("Time: ",F411)+7)-SEARCH("Time: ",F411)-6)*1,"")
E412: =IF(LEFT(A412,7)="SOLVED!",1,"") | F412: =IF(E412=1,RIGHT(A412,LEN(A412)-26),"") | G412: =IF(E412=1,LEFT(F412,SEARCH(" ",F412))*1,"") | H412: =IF(E412=1,MID(F412,SEARCH("line ",F412)+5,SEARCH(" ",F412,SEARCH("line ",F412)+6)-SEARCH("line ",F412)-5)*1,"") | I412: =IF(E412=1,MID(F412,SEARCH("Time: ",F412)+6,SEARCH(" ",F412,SEARCH("Time: ",F412)+7)-SEARCH("Time: ",F412)-6)*1,"")
A413: [~/Documents/programming/adventofcode/2025] | E413: =IF(LEFT(A413,7)="SOLVED!",1,"") | F413: =IF(E413=1,RIGHT(A413,LEN(A413)-26),"") | G413: =IF(E413=1,LEFT(F413,SEARCH(" ",F413))*1,"") | H413: =IF(E413=1,MID(F413,SEARCH("line ",F413)+5,SEARCH(" ",F413,SEARCH("line ",F413)+6)-SEARCH("line ",F413)-5)*1,"") | I413: =IF(E413=1,MID(F413,SEARCH("Time: ",F413)+6,SEARCH(" ",F413,SEARCH("Time: ",F413)+7)-SEARCH("Time: ",F413)-6)*1,"")
A414: 19:16 - gregeusden-> ruby run.rb 10 2 | E414: =IF(LEFT(A414,7)="SOLVED!",1,"") | F414: =IF(E414=1,RIGHT(A414,LEN(A414)-26),"") | G414: =IF(E414=1,LEFT(F414,SEARCH(" ",F414))*1,"") | H414: =IF(E414=1,MID(F414,SEARCH("line ",F414)+5,SEARCH(" ",F414,SEARCH("line ",F414)+6)-SEARCH("line ",F414)-5)*1,"") | I414: =IF(E414=1,MID(F414,SEARCH("Time: ",F414)+6,SEARCH(" ",F414,SEARCH("Time: ",F414)+7)-SEARCH("Time: ",F414)-6)*1,"")
A415: Buttons: (0,1,3) (0,2) (3) (0) (1,2,3) (0,3) | E415: =IF(LEFT(A415,7)="SOLVED!",1,"") | F415: =IF(E415=1,RIGHT(A415,LEN(A415)-26),"") | G415: =IF(E415=1,LEFT(F415,SEARCH(" ",F415))*1,"") | H415: =IF(E415=1,MID(F415,SEARCH("line ",F415)+5,SEARCH(" ",F415,SEARCH("line ",F415)+6)-SEARCH("line ",F415)-5)*1,"") | I415: =IF(E415=1,MID(F415,SEARCH("Time: ",F415)+6,SEARCH(" ",F415,SEARCH("Time: ",F415)+7)-SEARCH("Time: ",F415)-6)*1,"")
A416: Third segment: {61,25,23,52} | E416: =IF(LEFT(A416,7)="SOLVED!",1,"") | F416: =IF(E416=1,RIGHT(A416,LEN(A416)-26),"") | G416: =IF(E416=1,LEFT(F416,SEARCH(" ",F416))*1,"") | H416: =IF(E416=1,MID(F416,SEARCH("line ",F416)+5,SEARCH(" ",F416,SEARCH("line ",F416)+6)-SEARCH("line ",F416)-5)*1,"") | I416: =IF(E416=1,MID(F416,SEARCH("Time: ",F416)+6,SEARCH(" ",F416,SEARCH("Time: ",F416)+7)-SEARCH("Time: ",F416)-6)*1,"")
A417: SOLVED! New button count: 68 for line 113 (Time: 0.02 seconds) | E417: =IF(LEFT(A417,7)="SOLVED!",1,"") -> 1 | F417: =IF(E417=1,RIGHT(A417,LEN(A417)-26),"") -> 68 for line 113 (Time: 0.02 seconds) | G417: =IF(E417=1,LEFT(F417,SEARCH(" ",F417))*1,"") -> 68 | H417: =IF(E417=1,MID(F417,SEARCH("line ",F417)+5,SEARCH(" ",F417,SEARCH("line ",F417)+6)-SEARCH("line ",F417)-5)*1,"") -> 113 | I417: =IF(E417=1,MID(F417,SEARCH("Time: ",F417)+6,SEARCH(" ",F417,SEARCH("Time: ",F417)+7)-SEARCH("Time: ",F417)-6)*1,"") -> 0.02
A418: Buttons: (0,1,2,3,4,5) (0,2,3) (0,3,4,5) (1,2,3,5) | E418: =IF(LEFT(A418,7)="SOLVED!",1,"") | F418: =IF(E418=1,RIGHT(A418,LEN(A418)-26),"") | G418: =IF(E418=1,LEFT(F418,SEARCH(" ",F418))*1,"") | H418: =IF(E418=1,MID(F418,SEARCH("line ",F418)+5,SEARCH(" ",F418,SEARCH("line ",F418)+6)-SEARCH("line ",F418)-5)*1,"") | I418: =IF(E418=1,MID(F418,SEARCH("Time: ",F418)+6,SEARCH(" ",F418,SEARCH("Time: ",F418)+7)-SEARCH("Time: ",F418)-6)*1,"")
A419: Third segment: {49,19,38,57,30,38} | E419: =IF(LEFT(A419,7)="SOLVED!",1,"") | F419: =IF(E419=1,RIGHT(A419,LEN(A419)-26),"") | G419: =IF(E419=1,LEFT(F419,SEARCH(" ",F419))*1,"") | H419: =IF(E419=1,MID(F419,SEARCH("line ",F419)+5,SEARCH(" ",F419,SEARCH("line ",F419)+6)-SEARCH("line ",F419)-5)*1,"") | I419: =IF(E419=1,MID(F419,SEARCH("Time: ",F419)+6,SEARCH(" ",F419,SEARCH("Time: ",F419)+7)-SEARCH("Time: ",F419)-6)*1,"")
A420: SOLVED! New button count: 57 for line 114 (Time: 0.0 seconds) | E420: =IF(LEFT(A420,7)="SOLVED!",1,"") -> 1 | F420: =IF(E420=1,RIGHT(A420,LEN(A420)-26),"") -> 57 for line 114 (Time: 0.0 seconds) | G420: =IF(E420=1,LEFT(F420,SEARCH(" ",F420))*1,"") -> 57 | H420: =IF(E420=1,MID(F420,SEARCH("line ",F420)+5,SEARCH(" ",F420,SEARCH("line ",F420)+6)-SEARCH("line ",F420)-5)*1,"") -> 114 | I420: =IF(E420=1,MID(F420,SEARCH("Time: ",F420)+6,SEARCH(" ",F420,SEARCH("Time: ",F420)+7)-SEARCH("Time: ",F420)-6)*1,"") -> 0
A421: Buttons: (0,3,5) (3,4,5,6) (2,6) (2,3) (0,4,6) (0,1,3,4,6) (0,1,2,5) (1,3,4,5,6) | E421: =IF(LEFT(A421,7)="SOLVED!",1,"") | F421: =IF(E421=1,RIGHT(A421,LEN(A421)-26),"") | G421: =IF(E421=1,LEFT(F421,SEARCH(" ",F421))*1,"") | H421: =IF(E421=1,MID(F421,SEARCH("line ",F421)+5,SEARCH(" ",F421,SEARCH("line ",F421)+6)-SEARCH("line ",F421)-5)*1,"") | I421: =IF(E421=1,MID(F421,SEARCH("Time: ",F421)+6,SEARCH(" ",F421,SEARCH("Time: ",F421)+7)-SEARCH("Time: ",F421)-6)*1,"")
A422: Third segment: {41,24,18,54,38,35,48} | E422: =IF(LEFT(A422,7)="SOLVED!",1,"") | F422: =IF(E422=1,RIGHT(A422,LEN(A422)-26),"") | G422: =IF(E422=1,LEFT(F422,SEARCH(" ",F422))*1,"") | H422: =IF(E422=1,MID(F422,SEARCH("line ",F422)+5,SEARCH(" ",F422,SEARCH("line ",F422)+6)-SEARCH("line ",F422)-5)*1,"") | I422: =IF(E422=1,MID(F422,SEARCH("Time: ",F422)+6,SEARCH(" ",F422,SEARCH("Time: ",F422)+7)-SEARCH("Time: ",F422)-6)*1,"")
A423: SOLVED! New button count: 71 for line 115 (Time: 0.12 seconds) | E423: =IF(LEFT(A423,7)="SOLVED!",1,"") -> 1 | F423: =IF(E423=1,RIGHT(A423,LEN(A423)-26),"") -> 71 for line 115 (Time: 0.12 seconds) | G423: =IF(E423=1,LEFT(F423,SEARCH(" ",F423))*1,"") -> 71 | H423: =IF(E423=1,MID(F423,SEARCH("line ",F423)+5,SEARCH(" ",F423,SEARCH("line ",F423)+6)-SEARCH("line ",F423)-5)*1,"") -> 115 | I423: =IF(E423=1,MID(F423,SEARCH("Time: ",F423)+6,SEARCH(" ",F423,SEARCH("Time: ",F423)+7)-SEARCH("Time: ",F423)-6)*1,"") -> 0.12
A424: Buttons: (0,2,3,4,5,7,8) (0,1,8,9) (2,3,4,5,8,9) (0,4) (1,2,9) (2,6) (0,1,2,4,5,6,7,8) (3,5,9) (5,8) (8) (0,4,5,8) (1,5,6,9) | E424: =IF(LEFT(A424,7)="SOLVED!",1,"") | F424: =IF(E424=1,RIGHT(A424,LEN(A424)-26),"") | G424: =IF(E424=1,LEFT(F424,SEARCH(" ",F424))*1,"") | H424: =IF(E424=1,MID(F424,SEARCH("line ",F424)+5,SEARCH(" ",F424,SEARCH("line ",F424)+6)-SEARCH("line ",F424)-5)*1,"") | I424: =IF(E424=1,MID(F424,SEARCH("Time: ",F424)+6,SEARCH(" ",F424,SEARCH("Time: ",F424)+7)-SEARCH("Time: ",F424)-6)*1,"")
... A458: from run.rb:19:in `<main>' | E458: =IF(LEFT(A458,7)="SOLVED!",1,"") | F458: =IF(E458=1,RIGHT(A458,LEN(A458)-26),"") | G458: =IF(E458=1,LEFT(F458,SEARCH(" ",F458))*1,"") | H458: =IF(E458=1,MID(F458,SEARCH("line ",F458)+5,SEARCH(" ",F458,SEARCH("line ",F458)+6)-SEARCH("line ",F458)-5)*1,"") | I458: =IF(E458=1,MID(F458,SEARCH("Time: ",F458)+6,SEARCH(" ",F458,SEARCH("Time: ",F458)+7)-SEARCH("Time: ",F458)-6)*1,"")
E459: =IF(LEFT(A459,7)="SOLVED!",1,"") | F459: =IF(E459=1,RIGHT(A459,LEN(A459)-26),"") | G459: =IF(E459=1,LEFT(F459,SEARCH(" ",F459))*1,"") | H459: =IF(E459=1,MID(F459,SEARCH("line ",F459)+5,SEARCH(" ",F459,SEARCH("line ",F459)+6)-SEARCH("line ",F459)-5)*1,"") | I459: =IF(E459=1,MID(F459,SEARCH("Time: ",F459)+6,SEARCH(" ",F459,SEARCH("Time: ",F459)+7)-SEARCH("Time: ",F459)-6)*1,"")
A460: [~/Documents/programming/adventofcode/2025] | E460: =IF(LEFT(A460,7)="SOLVED!",1,"") | F460: =IF(E460=1,RIGHT(A460,LEN(A460)-26),"") | G460: =IF(E460=1,LEFT(F460,SEARCH(" ",F460))*1,"") | H460: =IF(E460=1,MID(F460,SEARCH("line ",F460)+5,SEARCH(" ",F460,SEARCH("line ",F460)+6)-SEARCH("line ",F460)-5)*1,"") | I460: =IF(E460=1,MID(F460,SEARCH("Time: ",F460)+6,SEARCH(" ",F460,SEARCH("Time: ",F460)+7)-SEARCH("Time: ",F460)-6)*1,"")
A461: 19:19 - gregeusden-> ruby run.rb 10 2 | E461: =IF(LEFT(A461,7)="SOLVED!",1,"") | F461: =IF(E461=1,RIGHT(A461,LEN(A461)-26),"") | G461: =IF(E461=1,LEFT(F461,SEARCH(" ",F461))*1,"") | H461: =IF(E461=1,MID(F461,SEARCH("line ",F461)+5,SEARCH(" ",F461,SEARCH("line ",F461)+6)-SEARCH("line ",F461)-5)*1,"") | I461: =IF(E461=1,MID(F461,SEARCH("Time: ",F461)+6,SEARCH(" ",F461,SEARCH("Time: ",F461)+7)-SEARCH("Time: ",F461)-6)*1,"")
A462: Buttons: (0,5,6) (1,2,5) (0,2,5) (1,2,3,4,5,6) (1,3,5,6) (0,2,3,4) | E462: =IF(LEFT(A462,7)="SOLVED!",1,"") | F462: =IF(E462=1,RIGHT(A462,LEN(A462)-26),"") | G462: =IF(E462=1,LEFT(F462,SEARCH(" ",F462))*1,"") | H462: =IF(E462=1,MID(F462,SEARCH("line ",F462)+5,SEARCH(" ",F462,SEARCH("line ",F462)+6)-SEARCH("line ",F462)-5)*1,"") | I462: =IF(E462=1,MID(F462,SEARCH("Time: ",F462)+6,SEARCH(" ",F462,SEARCH("Time: ",F462)+7)-SEARCH("Time: ",F462)-6)*1,"")
A463: Third segment: {48,19,36,26,15,57,36} | E463: =IF(LEFT(A463,7)="SOLVED!",1,"") | F463: =IF(E463=1,RIGHT(A463,LEN(A463)-26),"") | G463: =IF(E463=1,LEFT(F463,SEARCH(" ",F463))*1,"") | H463: =IF(E463=1,MID(F463,SEARCH("line ",F463)+5,SEARCH(" ",F463,SEARCH("line ",F463)+6)-SEARCH("line ",F463)-5)*1,"") | I463: =IF(E463=1,MID(F463,SEARCH("Time: ",F463)+6,SEARCH(" ",F463,SEARCH("Time: ",F463)+7)-SEARCH("Time: ",F463)-6)*1,"")
A464: SOLVED! New button count: 67 for line 122 (Time: 0.0 seconds) | E464: =IF(LEFT(A464,7)="SOLVED!",1,"") -> 1 | F464: =IF(E464=1,RIGHT(A464,LEN(A464)-26),"") -> 67 for line 122 (Time: 0.0 seconds) | G464: =IF(E464=1,LEFT(F464,SEARCH(" ",F464))*1,"") -> 67 | H464: =IF(E464=1,MID(F464,SEARCH("line ",F464)+5,SEARCH(" ",F464,SEARCH("line ",F464)+6)-SEARCH("line ",F464)-5)*1,"") -> 122 | I464: =IF(E464=1,MID(F464,SEARCH("Time: ",F464)+6,SEARCH(" ",F464,SEARCH("Time: ",F464)+7)-SEARCH("Time: ",F464)-6)*1,"") -> 0
A465: Buttons: (3,4) (1,2) (0,2,3) (0,1,3,4) (0,1,3) (2,4) | E465: =IF(LEFT(A465,7)="SOLVED!",1,"") | F465: =IF(E465=1,RIGHT(A465,LEN(A465)-26),"") | G465: =IF(E465=1,LEFT(F465,SEARCH(" ",F465))*1,"") | H465: =IF(E465=1,MID(F465,SEARCH("line ",F465)+5,SEARCH(" ",F465,SEARCH("line ",F465)+6)-SEARCH("line ",F465)-5)*1,"") | I465: =IF(E465=1,MID(F465,SEARCH("Time: ",F465)+6,SEARCH(" ",F465,SEARCH("Time: ",F465)+7)-SEARCH("Time: ",F465)-6)*1,"")
A466: Third segment: {31,35,192,34,194} | E466: =IF(LEFT(A466,7)="SOLVED!",1,"") | F466: =IF(E466=1,RIGHT(A466,LEN(A466)-26),"") | G466: =IF(E466=1,LEFT(F466,SEARCH(" ",F466))*1,"") | H466: =IF(E466=1,MID(F466,SEARCH("line ",F466)+5,SEARCH(" ",F466,SEARCH("line ",F466)+6)-SEARCH("line ",F466)-5)*1,"") | I466: =IF(E466=1,MID(F466,SEARCH("Time: ",F466)+6,SEARCH(" ",F466,SEARCH("Time: ",F466)+7)-SEARCH("Time: ",F466)-6)*1,"")
A467: SOLVED! New button count: 217 for line 123 (Time: 0.04 seconds) | E467: =IF(LEFT(A467,7)="SOLVED!",1,"") -> 1 | F467: =IF(E467=1,RIGHT(A467,LEN(A467)-26),"") -> 217 for line 123 (Time: 0.04 seconds) | G467: =IF(E467=1,LEFT(F467,SEARCH(" ",F467))*1,"") -> 217 | H467: =IF(E467=1,MID(F467,SEARCH("line ",F467)+5,SEARCH(" ",F467,SEARCH("line ",F467)+6)-SEARCH("line ",F467)-5)*1,"") -> 123 | I467: =IF(E467=1,MID(F467,SEARCH("Time: ",F467)+6,SEARCH(" ",F467,SEARCH("Time: ",F467)+7)-SEARCH("Time: ",F467)-6)*1,"") -> 0.04
A468: Buttons: (1,3) (0,1,2,3,4,5,8) (1,2,4,7) (1,3,4,6,8) (0,2,3,5,6,7) (0,6,7,8) (0,2) (1,2,3,4,6) | E468: =IF(LEFT(A468,7)="SOLVED!",1,"") | F468: =IF(E468=1,RIGHT(A468,LEN(A468)-26),"") | G468: =IF(E468=1,LEFT(F468,SEARCH(" ",F468))*1,"") | H468: =IF(E468=1,MID(F468,SEARCH("line ",F468)+5,SEARCH(" ",F468,SEARCH("line ",F468)+6)-SEARCH("line ",F468)-5)*1,"") | I468: =IF(E468=1,MID(F468,SEARCH("Time: ",F468)+6,SEARCH(" ",F468,SEARCH("Time: ",F468)+7)-SEARCH("Time: ",F468)-6)*1,"")
A469: Third segment: {42,51,56,63,43,32,48,30,29} | E469: =IF(LEFT(A469,7)="SOLVED!",1,"") | F469: =IF(E469=1,RIGHT(A469,LEN(A469)-26),"") | G469: =IF(E469=1,LEFT(F469,SEARCH(" ",F469))*1,"") | H469: =IF(E469=1,MID(F469,SEARCH("line ",F469)+5,SEARCH(" ",F469,SEARCH("line ",F469)+6)-SEARCH("line ",F469)-5)*1,"") | I469: =IF(E469=1,MID(F469,SEARCH("Time: ",F469)+6,SEARCH(" ",F469,SEARCH("Time: ",F469)+7)-SEARCH("Time: ",F469)-6)*1,"")
A470: SOLVED! New button count: 78 for line 124 (Time: 0.01 seconds) | E470: =IF(LEFT(A470,7)="SOLVED!",1,"") -> 1 | F470: =IF(E470=1,RIGHT(A470,LEN(A470)-26),"") -> 78 for line 124 (Time: 0.01 seconds) | G470: =IF(E470=1,LEFT(F470,SEARCH(" ",F470))*1,"") -> 78 | H470: =IF(E470=1,MID(F470,SEARCH("line ",F470)+5,SEARCH(" ",F470,SEARCH("line ",F470)+6)-SEARCH("line ",F470)-5)*1,"") -> 124 | I470: =IF(E470=1,MID(F470,SEARCH("Time: ",F470)+6,SEARCH(" ",F470,SEARCH("Time: ",F470)+7)-SEARCH("Time: ",F470)-6)*1,"") -> 0.01
A471: Buttons: (0,2,3,4,6,7) (0,4,6,7) (1,2) (0,1,3,4,5,7) (4,5,7) (0,1) (2,3,6,7) (2,3,4,6,7) (0,2,3,5,6,7) | E471: =IF(LEFT(A471,7)="SOLVED!",1,"") | F471: =IF(E471=1,RIGHT(A471,LEN(A471)-26),"") | G471: =IF(E471=1,LEFT(F471,SEARCH(" ",F471))*1,"") | H471: =IF(E471=1,MID(F471,SEARCH("line ",F471)+5,SEARCH(" ",F471,SEARCH("line ",F471)+6)-SEARCH("line ",F471)-5)*1,"") | I471: =IF(E471=1,MID(F471,SEARCH("Time: ",F471)+6,SEARCH(" ",F471,SEARCH("Time: ",F471)+7)-SEARCH("Time: ",F471)-6)*1,"")
... A623: from run.rb:19:in `<main>' | E623: =IF(LEFT(A623,7)="SOLVED!",1,"") | F623: =IF(E623=1,RIGHT(A623,LEN(A623)-26),"") | G623: =IF(E623=1,LEFT(F623,SEARCH(" ",F623))*1,"") | H623: =IF(E623=1,MID(F623,SEARCH("line ",F623)+5,SEARCH(" ",F623,SEARCH("line ",F623)+6)-SEARCH("line ",F623)-5)*1,"") | I623: =IF(E623=1,MID(F623,SEARCH("Time: ",F623)+6,SEARCH(" ",F623,SEARCH("Time: ",F623)+7)-SEARCH("Time: ",F623)-6)*1,"")
E624: =IF(LEFT(A624,7)="SOLVED!",1,"") | F624: =IF(E624=1,RIGHT(A624,LEN(A624)-26),"") | G624: =IF(E624=1,LEFT(F624,SEARCH(" ",F624))*1,"") | H624: =IF(E624=1,MID(F624,SEARCH("line ",F624)+5,SEARCH(" ",F624,SEARCH("line ",F624)+6)-SEARCH("line ",F624)-5)*1,"") | I624: =IF(E624=1,MID(F624,SEARCH("Time: ",F624)+6,SEARCH(" ",F624,SEARCH("Time: ",F624)+7)-SEARCH("Time: ",F624)-6)*1,"")
A625: [~/Documents/programming/adventofcode/2025] | E625: =IF(LEFT(A625,7)="SOLVED!",1,"") | F625: =IF(E625=1,RIGHT(A625,LEN(A625)-26),"") | G625: =IF(E625=1,LEFT(F625,SEARCH(" ",F625))*1,"") | H625: =IF(E625=1,MID(F625,SEARCH("line ",F625)+5,SEARCH(" ",F625,SEARCH("line ",F625)+6)-SEARCH("line ",F625)-5)*1,"") | I625: =IF(E625=1,MID(F625,SEARCH("Time: ",F625)+6,SEARCH(" ",F625,SEARCH("Time: ",F625)+7)-SEARCH("Time: ",F625)-6)*1,"")
A626: 19:26 - gregeusden-> ruby run.rb 10 2 | E626: =IF(LEFT(A626,7)="SOLVED!",1,"") | F626: =IF(E626=1,RIGHT(A626,LEN(A626)-26),"") | G626: =IF(E626=1,LEFT(F626,SEARCH(" ",F626))*1,"") | H626: =IF(E626=1,MID(F626,SEARCH("line ",F626)+5,SEARCH(" ",F626,SEARCH("line ",F626)+6)-SEARCH("line ",F626)-5)*1,"") | I626: =IF(E626=1,MID(F626,SEARCH("Time: ",F626)+6,SEARCH(" ",F626,SEARCH("Time: ",F626)+7)-SEARCH("Time: ",F626)-6)*1,"")
A627: Buttons: (0,3) (0,1,2) (1,2) (0,2,4) | E627: =IF(LEFT(A627,7)="SOLVED!",1,"") | F627: =IF(E627=1,RIGHT(A627,LEN(A627)-26),"") | G627: =IF(E627=1,LEFT(F627,SEARCH(" ",F627))*1,"") | H627: =IF(E627=1,MID(F627,SEARCH("line ",F627)+5,SEARCH(" ",F627,SEARCH("line ",F627)+6)-SEARCH("line ",F627)-5)*1,"") | I627: =IF(E627=1,MID(F627,SEARCH("Time: ",F627)+6,SEARCH(" ",F627,SEARCH("Time: ",F627)+7)-SEARCH("Time: ",F627)-6)*1,"")
A628: Third segment: {20,11,30,1,19} | E628: =IF(LEFT(A628,7)="SOLVED!",1,"") | F628: =IF(E628=1,RIGHT(A628,LEN(A628)-26),"") | G628: =IF(E628=1,LEFT(F628,SEARCH(" ",F628))*1,"") | H628: =IF(E628=1,MID(F628,SEARCH("line ",F628)+5,SEARCH(" ",F628,SEARCH("line ",F628)+6)-SEARCH("line ",F628)-5)*1,"") | I628: =IF(E628=1,MID(F628,SEARCH("Time: ",F628)+6,SEARCH(" ",F628,SEARCH("Time: ",F628)+7)-SEARCH("Time: ",F628)-6)*1,"")
A629: SOLVED! New button count: 31 for line 168 (Time: 0.0 seconds) | E629: =IF(LEFT(A629,7)="SOLVED!",1,"") -> 1 | F629: =IF(E629=1,RIGHT(A629,LEN(A629)-26),"") -> 31 for line 168 (Time: 0.0 seconds) | G629: =IF(E629=1,LEFT(F629,SEARCH(" ",F629))*1,"") -> 31 | H629: =IF(E629=1,MID(F629,SEARCH("line ",F629)+5,SEARCH(" ",F629,SEARCH("line ",F629)+6)-SEARCH("line ",F629)-5)*1,"") -> 168 | I629: =IF(E629=1,MID(F629,SEARCH("Time: ",F629)+6,SEARCH(" ",F629,SEARCH("Time: ",F629)+7)-SEARCH("Time: ",F629)-6)*1,"") -> 0
A630: Buttons: (0,4,5,6) (0,1,4,5,6) (1,2,6) (1,2,3,6) (4) (0,2) (1,5,6) (1,4,5,6) | E630: =IF(LEFT(A630,7)="SOLVED!",1,"") | F630: =IF(E630=1,RIGHT(A630,LEN(A630)-26),"") | G630: =IF(E630=1,LEFT(F630,SEARCH(" ",F630))*1,"") | H630: =IF(E630=1,MID(F630,SEARCH("line ",F630)+5,SEARCH(" ",F630,SEARCH("line ",F630)+6)-SEARCH("line ",F630)-5)*1,"") | I630: =IF(E630=1,MID(F630,SEARCH("Time: ",F630)+6,SEARCH(" ",F630,SEARCH("Time: ",F630)+7)-SEARCH("Time: ",F630)-6)*1,"")
A631: Third segment: {229,61,39,15,250,235,259} | E631: =IF(LEFT(A631,7)="SOLVED!",1,"") | F631: =IF(E631=1,RIGHT(A631,LEN(A631)-26),"") | G631: =IF(E631=1,LEFT(F631,SEARCH(" ",F631))*1,"") | H631: =IF(E631=1,MID(F631,SEARCH("line ",F631)+5,SEARCH(" ",F631,SEARCH("line ",F631)+6)-SEARCH("line ",F631)-5)*1,"") | I631: =IF(E631=1,MID(F631,SEARCH("Time: ",F631)+6,SEARCH(" ",F631,SEARCH("Time: ",F631)+7)-SEARCH("Time: ",F631)-6)*1,"")
A632: SOLVED! New button count: 289 for line 169 (Time: 0.31 seconds) | E632: =IF(LEFT(A632,7)="SOLVED!",1,"") -> 1 | F632: =IF(E632=1,RIGHT(A632,LEN(A632)-26),"") -> 289 for line 169 (Time: 0.31 seconds) | G632: =IF(E632=1,LEFT(F632,SEARCH(" ",F632))*1,"") -> 289 | H632: =IF(E632=1,MID(F632,SEARCH("line ",F632)+5,SEARCH(" ",F632,SEARCH("line ",F632)+6)-SEARCH("line ",F632)-5)*1,"") -> 169 | I632: =IF(E632=1,MID(F632,SEARCH("Time: ",F632)+6,SEARCH(" ",F632,SEARCH("Time: ",F632)+7)-SEARCH("Time: ",F632)-6)*1,"") -> 0.31
A633: Buttons: (0,4,8) (1,2,3,5,7,8) (5,7) (7,8) (1,4,6) (0,1,2,3,5,6,7) (0,6,8) (1,3,4,6) (3,6,7) (0,2,7) (0,1,4,5) | E633: =IF(LEFT(A633,7)="SOLVED!",1,"") | F633: =IF(E633=1,RIGHT(A633,LEN(A633)-26),"") | G633: =IF(E633=1,LEFT(F633,SEARCH(" ",F633))*1,"") | H633: =IF(E633=1,MID(F633,SEARCH("line ",F633)+5,SEARCH(" ",F633,SEARCH("line ",F633)+6)-SEARCH("line ",F633)-5)*1,"") | I633: =IF(E633=1,MID(F633,SEARCH("Time: ",F633)+6,SEARCH(" ",F633,SEARCH("Time: ",F633)+7)-SEARCH("Time: ",F633)-6)*1,"")
A634: Third segment: {229,243,213,221,43,221,232,231,62} | E634: =IF(LEFT(A634,7)="SOLVED!",1,"") | F634: =IF(E634=1,RIGHT(A634,LEN(A634)-26),"") | G634: =IF(E634=1,LEFT(F634,SEARCH(" ",F634))*1,"") | H634: =IF(E634=1,MID(F634,SEARCH("line ",F634)+5,SEARCH(" ",F634,SEARCH("line ",F634)+6)-SEARCH("line ",F634)-5)*1,"") | I634: =IF(E634=1,MID(F634,SEARCH("Time: ",F634)+6,SEARCH(" ",F634,SEARCH("Time: ",F634)+7)-SEARCH("Time: ",F634)-6)*1,"")
A635: SOLVED! New button count: 288 for line 170 (Time: 59.4 seconds) | E635: =IF(LEFT(A635,7)="SOLVED!",1,"") -> 1 | F635: =IF(E635=1,RIGHT(A635,LEN(A635)-26),"") -> 288 for line 170 (Time: 59.4 seconds) | G635: =IF(E635=1,LEFT(F635,SEARCH(" ",F635))*1,"") -> 288 | H635: =IF(E635=1,MID(F635,SEARCH("line ",F635)+5,SEARCH(" ",F635,SEARCH("line ",F635)+6)-SEARCH("line ",F635)-5)*1,"") -> 170 | I635: =IF(E635=1,MID(F635,SEARCH("Time: ",F635)+6,SEARCH(" ",F635,SEARCH("Time: ",F635)+7)-SEARCH("Time: ",F635)-6)*1,"") -> 59.4
A636: Buttons: (1,3,4) (0,3) (1,2) | E636: =IF(LEFT(A636,7)="SOLVED!",1,"") | F636: =IF(E636=1,RIGHT(A636,LEN(A636)-26),"") | G636: =IF(E636=1,LEFT(F636,SEARCH(" ",F636))*1,"") | H636: =IF(E636=1,MID(F636,SEARCH("line ",F636)+5,SEARCH(" ",F636,SEARCH("line ",F636)+6)-SEARCH("line ",F636)-5)*1,"") | I636: =IF(E636=1,MID(F636,SEARCH("Time: ",F636)+6,SEARCH(" ",F636,SEARCH("Time: ",F636)+7)-SEARCH("Time: ",F636)-6)*1,"")
... A727: from run.rb:19:in `<main>' | E727: =IF(LEFT(A727,7)="SOLVED!",1,"") | F727: =IF(E727=1,RIGHT(A727,LEN(A727)-26),"") | G727: =IF(E727=1,LEFT(F727,SEARCH(" ",F727))*1,"") | H727: =IF(E727=1,MID(F727,SEARCH("line ",F727)+5,SEARCH(" ",F727,SEARCH("line ",F727)+6)-SEARCH("line ",F727)-5)*1,"") | I727: =IF(E727=1,MID(F727,SEARCH("Time: ",F727)+6,SEARCH(" ",F727,SEARCH("Time: ",F727)+7)-SEARCH("Time: ",F727)-6)*1,"")
E728: =IF(LEFT(A728,7)="SOLVED!",1,"") | F728: =IF(E728=1,RIGHT(A728,LEN(A728)-26),"") | G728: =IF(E728=1,LEFT(F728,SEARCH(" ",F728))*1,"") | H728: =IF(E728=1,MID(F728,SEARCH("line ",F728)+5,SEARCH(" ",F728,SEARCH("line ",F728)+6)-SEARCH("line ",F728)-5)*1,"") | I728: =IF(E728=1,MID(F728,SEARCH("Time: ",F728)+6,SEARCH(" ",F728,SEARCH("Time: ",F728)+7)-SEARCH("Time: ",F728)-6)*1,"")
A729: [~/Documents/programming/adventofcode/2025] | E729: =IF(LEFT(A729,7)="SOLVED!",1,"") | F729: =IF(E729=1,RIGHT(A729,LEN(A729)-26),"") | G729: =IF(E729=1,LEFT(F729,SEARCH(" ",F729))*1,"") | H729: =IF(E729=1,MID(F729,SEARCH("line ",F729)+5,SEARCH(" ",F729,SEARCH("line ",F729)+6)-SEARCH("line ",F729)-5)*1,"") | I729: =IF(E729=1,MID(F729,SEARCH("Time: ",F729)+6,SEARCH(" ",F729,SEARCH("Time: ",F729)+7)-SEARCH("Time: ",F729)-6)*1,"")
A730: 20:13 - gregeusden-> ruby run.rb 10 2 | E730: =IF(LEFT(A730,7)="SOLVED!",1,"") | F730: =IF(E730=1,RIGHT(A730,LEN(A730)-26),"") | G730: =IF(E730=1,LEFT(F730,SEARCH(" ",F730))*1,"") | H730: =IF(E730=1,MID(F730,SEARCH("line ",F730)+5,SEARCH(" ",F730,SEARCH("line ",F730)+6)-SEARCH("line ",F730)-5)*1,"") | I730: =IF(E730=1,MID(F730,SEARCH("Time: ",F730)+6,SEARCH(" ",F730,SEARCH("Time: ",F730)+7)-SEARCH("Time: ",F730)-6)*1,"")
A731: Buttons: (0,2,3,4,5) (1,3,4,5,6) (1,2,4,5,6) (1,2) (0,1,2,3,6) | E731: =IF(LEFT(A731,7)="SOLVED!",1,"") | F731: =IF(E731=1,RIGHT(A731,LEN(A731)-26),"") | G731: =IF(E731=1,LEFT(F731,SEARCH(" ",F731))*1,"") | H731: =IF(E731=1,MID(F731,SEARCH("line ",F731)+5,SEARCH(" ",F731,SEARCH("line ",F731)+6)-SEARCH("line ",F731)-5)*1,"") | I731: =IF(E731=1,MID(F731,SEARCH("Time: ",F731)+6,SEARCH(" ",F731,SEARCH("Time: ",F731)+7)-SEARCH("Time: ",F731)-6)*1,"")
A732: Third segment: {20,40,44,25,27,27,29} | E732: =IF(LEFT(A732,7)="SOLVED!",1,"") | F732: =IF(E732=1,RIGHT(A732,LEN(A732)-26),"") | G732: =IF(E732=1,LEFT(F732,SEARCH(" ",F732))*1,"") | H732: =IF(E732=1,MID(F732,SEARCH("line ",F732)+5,SEARCH(" ",F732,SEARCH("line ",F732)+6)-SEARCH("line ",F732)-5)*1,"") | I732: =IF(E732=1,MID(F732,SEARCH("Time: ",F732)+6,SEARCH(" ",F732,SEARCH("Time: ",F732)+7)-SEARCH("Time: ",F732)-6)*1,"")
A733: SOLVED! New button count: 49 for line 196 (Time: 0.0 seconds) | E733: =IF(LEFT(A733,7)="SOLVED!",1,"") -> 1 | F733: =IF(E733=1,RIGHT(A733,LEN(A733)-26),"") -> 49 for line 196 (Time: 0.0 seconds) | G733: =IF(E733=1,LEFT(F733,SEARCH(" ",F733))*1,"") -> 49 | H733: =IF(E733=1,MID(F733,SEARCH("line ",F733)+5,SEARCH(" ",F733,SEARCH("line ",F733)+6)-SEARCH("line ",F733)-5)*1,"") -> 196 | I733: =IF(E733=1,MID(F733,SEARCH("Time: ",F733)+6,SEARCH(" ",F733,SEARCH("Time: ",F733)+7)-SEARCH("Time: ",F733)-6)*1,"") -> 0
A734: Buttons: (1,2,4,5) (1,2) (1,2,3,5) (1,2,3) (2,3,5) (0,1,2) (2,4) (0,1,2,3,5) | E734: =IF(LEFT(A734,7)="SOLVED!",1,"") | F734: =IF(E734=1,RIGHT(A734,LEN(A734)-26),"") | G734: =IF(E734=1,LEFT(F734,SEARCH(" ",F734))*1,"") | H734: =IF(E734=1,MID(F734,SEARCH("line ",F734)+5,SEARCH(" ",F734,SEARCH("line ",F734)+6)-SEARCH("line ",F734)-5)*1,"") | I734: =IF(E734=1,MID(F734,SEARCH("Time: ",F734)+6,SEARCH(" ",F734,SEARCH("Time: ",F734)+7)-SEARCH("Time: ",F734)-6)*1,"")
A735: Third segment: {31,54,66,35,12,23} | E735: =IF(LEFT(A735,7)="SOLVED!",1,"") | F735: =IF(E735=1,RIGHT(A735,LEN(A735)-26),"") | G735: =IF(E735=1,LEFT(F735,SEARCH(" ",F735))*1,"") | H735: =IF(E735=1,MID(F735,SEARCH("line ",F735)+5,SEARCH(" ",F735,SEARCH("line ",F735)+6)-SEARCH("line ",F735)-5)*1,"") | I735: =IF(E735=1,MID(F735,SEARCH("Time: ",F735)+6,SEARCH(" ",F735,SEARCH("Time: ",F735)+7)-SEARCH("Time: ",F735)-6)*1,"")
A736: SOLVED! New button count: 66 for line 197 (Time: 0.05 seconds) | E736: =IF(LEFT(A736,7)="SOLVED!",1,"") -> 1 | F736: =IF(E736=1,RIGHT(A736,LEN(A736)-26),"") -> 66 for line 197 (Time: 0.05 seconds) | G736: =IF(E736=1,LEFT(F736,SEARCH(" ",F736))*1,"") -> 66 | H736: =IF(E736=1,MID(F736,SEARCH("line ",F736)+5,SEARCH(" ",F736,SEARCH("line ",F736)+6)-SEARCH("line ",F736)-5)*1,"") -> 197 | I736: =IF(E736=1,MID(F736,SEARCH("Time: ",F736)+6,SEARCH(" ",F736,SEARCH("Time: ",F736)+7)-SEARCH("Time: ",F736)-6)*1,"") -> 0.05
A737: Buttons: (0,6,8) (1,2,4,5,6,9) (2,5,7,8) (1,3) (0,1,3,4,5,6,7,9) (2,5) (4,5,7,8,9) (1,2,4,5,6,7,8) | E737: =IF(LEFT(A737,7)="SOLVED!",1,"") | F737: =IF(E737=1,RIGHT(A737,LEN(A737)-26),"") | G737: =IF(E737=1,LEFT(F737,SEARCH(" ",F737))*1,"") | H737: =IF(E737=1,MID(F737,SEARCH("line ",F737)+5,SEARCH(" ",F737,SEARCH("line ",F737)+6)-SEARCH("line ",F737)-5)*1,"") | I737: =IF(E737=1,MID(F737,SEARCH("Time: ",F737)+6,SEARCH(" ",F737,SEARCH("Time: ",F737)+7)-SEARCH("Time: ",F737)-6)*1,"")
A738: Third segment: {24,40,33,27,205,225,37,220,224,192} | E738: =IF(LEFT(A738,7)="SOLVED!",1,"") | F738: =IF(E738=1,RIGHT(A738,LEN(A738)-26),"") | G738: =IF(E738=1,LEFT(F738,SEARCH(" ",F738))*1,"") | H738: =IF(E738=1,MID(F738,SEARCH("line ",F738)+5,SEARCH(" ",F738,SEARCH("line ",F738)+6)-SEARCH("line ",F738)-5)*1,"") | I738: =IF(E738=1,MID(F738,SEARCH("Time: ",F738)+6,SEARCH(" ",F738,SEARCH("Time: ",F738)+7)-SEARCH("Time: ",F738)-6)*1,"")
A739: SOLVED! New button count: 256 for line 198 (Time: 0.02 seconds) | E739: =IF(LEFT(A739,7)="SOLVED!",1,"") -> 1 | F739: =IF(E739=1,RIGHT(A739,LEN(A739)-26),"") -> 256 for line 198 (Time: 0.02 seconds) | G739: =IF(E739=1,LEFT(F739,SEARCH(" ",F739))*1,"") -> 256 | H739: =IF(E739=1,MID(F739,SEARCH("line ",F739)+5,SEARCH(" ",F739,SEARCH("line ",F739)+6)-SEARCH("line ",F739)-5)*1,"") -> 198 | I739: =IF(E739=1,MID(F739,SEARCH("Time: ",F739)+6,SEARCH(" ",F739,SEARCH("Time: ",F739)+7)-SEARCH("Time: ",F739)-6)*1,"") -> 0.02
A740: Total button count: 371 | E740: =IF(LEFT(A740,7)="SOLVED!",1,"") | F740: =IF(E740=1,RIGHT(A740,LEN(A740)-26),"") | G740: =IF(E740=1,LEFT(F740,SEARCH(" ",F740))*1,"") | H740: =IF(E740=1,MID(F740,SEARCH("line ",F740)+5,SEARCH(" ",F740,SEARCH("line ",F740)+6)-SEARCH("line ",F740)-5)*1,"") | I740: =IF(E740=1,MID(F740,SEARCH("Time: ",F740)+6,SEARCH(" ",F740,SEARCH("Time: ",F740)+7)-SEARCH("Time: ",F740)-6)*1,"")
A741: Elapsed time: 0.18608000013045967 seconds | E741: =IF(LEFT(A741,7)="SOLVED!",1,"") | F741: =IF(E741=1,RIGHT(A741,LEN(A741)-26),"") | G741: =IF(E741=1,LEFT(F741,SEARCH(" ",F741))*1,"") | H741: =IF(E741=1,MID(F741,SEARCH("line ",F741)+5,SEARCH(" ",F741,SEARCH("line ",F741)+6)-SEARCH("line ",F741)-5)*1,"") | I741: =IF(E741=1,MID(F741,SEARCH("Time: ",F741)+6,SEARCH(" ",F741,SEARCH("Time: ",F741)+7)-SEARCH("Time: ",F741)-6)*1,"")

Sheet Raw Logs - Python
A1: Buttons: (2,3,4,5,6,7,8) (0,1,2,3,7) (1,2,3,4,8) (1,2,3,4,5,6,8) (0,4,6,7,8) (4,6,7) (5) (0,1,3,7,8) | E1: =IF(LEFT(A1,7)="SOLVED!",1,"")
A2: Third segment: {13,30,32,41,36,25,29,24,45} | E2: =IF(LEFT(A2,7)="SOLVED!",1,"")
E3: =IF(LEFT(A3,7)="SOLVED!",1,"") | F3: =IF(E3=1,RIGHT(A3,LEN(A3)-26),"") | G3: =IF(E3=1,LEFT(F3,SEARCH(" ",F3))*1,"") | H3: =IF(E3=1,MID(F3,SEARCH("line ",F3)+5,SEARCH(" ",F3,SEARCH("line ",F3)+6)-SEARCH("line ",F3)-5)*1,"") | I3: =IF(E3=1,MID(F3,SEARCH("Time: ",F3)+6,SEARCH(" ",F3,SEARCH("Time: ",F3)+7)-SEARCH("Time: ",F3)-6)*1,"")
A4: SOLVED! New button count: 45.0 for line 0 (Time: 0.0009748935699462891 seconds) | E4: =IF(LEFT(A4,7)="SOLVED!",1,"") -> 1 | F4: =IF(E4=1,RIGHT(A4,LEN(A4)-26),"") -> 45.0 for line 0 (Time: 0.0009748935699462891 seconds) | G4: =IF(E4=1,LEFT(F4,SEARCH(" ",F4))*1,"") -> 45 | H4: =IF(E4=1,MID(F4,SEARCH("line ",F4)+5,SEARCH(" ",F4,SEARCH("line ",F4)+6)-SEARCH("line ",F4)-5)*1,"") -> 0 | I4: =IF(E4=1,MID(F4,SEARCH("Time: ",F4)+6,SEARCH(" ",F4,SEARCH("Time: ",F4)+7)-SEARCH("Time: ",F4)-6)*1,"") -> 0.00097489357
A5: Buttons: (0,3,4,5) (3,4) (0,1,3,5,6) (0,1,5,6) (5,6) (0,1,2,4,6) (1,2,3,5) (2,4,5,6) (0,1,2,3,6) | E5: =IF(LEFT(A5,7)="SOLVED!",1,"") | F5: =IF(E5=1,RIGHT(A5,LEN(A5)-26),"") | G5: =IF(E5=1,LEFT(F5,SEARCH(" ",F5))*1,"") | H5: =IF(E5=1,MID(F5,SEARCH("line ",F5)+5,SEARCH(" ",F5,SEARCH("line ",F5)+6)-SEARCH("line ",F5)-5)*1,"") | I5: =IF(E5=1,MID(F5,SEARCH("Time: ",F5)+6,SEARCH(" ",F5,SEARCH("Time: ",F5)+7)-SEARCH("Time: ",F5)-6)*1,"")
A6: Third segment: {54,55,37,35,27,43,65} | E6: =IF(LEFT(A6,7)="SOLVED!",1,"") | F6: =IF(E6=1,RIGHT(A6,LEN(A6)-26),"") | G6: =IF(E6=1,LEFT(F6,SEARCH(" ",F6))*1,"") | H6: =IF(E6=1,MID(F6,SEARCH("line ",F6)+5,SEARCH(" ",F6,SEARCH("line ",F6)+6)-SEARCH("line ",F6)-5)*1,"") | I6: =IF(E6=1,MID(F6,SEARCH("Time: ",F6)+6,SEARCH(" ",F6,SEARCH("Time: ",F6)+7)-SEARCH("Time: ",F6)-6)*1,"")
E7: =IF(LEFT(A7,7)="SOLVED!",1,"") | F7: =IF(E7=1,RIGHT(A7,LEN(A7)-26),"") | G7: =IF(E7=1,LEFT(F7,SEARCH(" ",F7))*1,"") | H7: =IF(E7=1,MID(F7,SEARCH("line ",F7)+5,SEARCH(" ",F7,SEARCH("line ",F7)+6)-SEARCH("line ",F7)-5)*1,"") | I7: =IF(E7=1,MID(F7,SEARCH("Time: ",F7)+6,SEARCH(" ",F7,SEARCH("Time: ",F7)+7)-SEARCH("Time: ",F7)-6)*1,"")
A8: SOLVED! New button count: 68.0 for line 1 (Time: 0.0009710788726806641 seconds) | E8: =IF(LEFT(A8,7)="SOLVED!",1,"") -> 1 | F8: =IF(E8=1,RIGHT(A8,LEN(A8)-26),"") -> 68.0 for line 1 (Time: 0.0009710788726806641 seconds) | G8: =IF(E8=1,LEFT(F8,SEARCH(" ",F8))*1,"") -> 68 | H8: =IF(E8=1,MID(F8,SEARCH("line ",F8)+5,SEARCH(" ",F8,SEARCH("line ",F8)+6)-SEARCH("line ",F8)-5)*1,"") -> 1 | I8: =IF(E8=1,MID(F8,SEARCH("Time: ",F8)+6,SEARCH(" ",F8,SEARCH("Time: ",F8)+7)-SEARCH("Time: ",F8)-6)*1,"") -> 0.00097107887
A9: Buttons: (1,3) (1,2) (0,1,2,3) | E9: =IF(LEFT(A9,7)="SOLVED!",1,"") | F9: =IF(E9=1,RIGHT(A9,LEN(A9)-26),"") | G9: =IF(E9=1,LEFT(F9,SEARCH(" ",F9))*1,"") | H9: =IF(E9=1,MID(F9,SEARCH("line ",F9)+5,SEARCH(" ",F9,SEARCH("line ",F9)+6)-SEARCH("line ",F9)-5)*1,"") | I9: =IF(E9=1,MID(F9,SEARCH("Time: ",F9)+6,SEARCH(" ",F9,SEARCH("Time: ",F9)+7)-SEARCH("Time: ",F9)-6)*1,"")
A10: Third segment: {19,46,28,37} | E10: =IF(LEFT(A10,7)="SOLVED!",1,"") | F10: =IF(E10=1,RIGHT(A10,LEN(A10)-26),"") | G10: =IF(E10=1,LEFT(F10,SEARCH(" ",F10))*1,"") | H10: =IF(E10=1,MID(F10,SEARCH("line ",F10)+5,SEARCH(" ",F10,SEARCH("line ",F10)+6)-SEARCH("line ",F10)-5)*1,"") | I10: =IF(E10=1,MID(F10,SEARCH("Time: ",F10)+6,SEARCH(" ",F10,SEARCH("Time: ",F10)+7)-SEARCH("Time: ",F10)-6)*1,"")
E11: =IF(LEFT(A11,7)="SOLVED!",1,"") | F11: =IF(E11=1,RIGHT(A11,LEN(A11)-26),"") | G11: =IF(E11=1,LEFT(F11,SEARCH(" ",F11))*1,"") | H11: =IF(E11=1,MID(F11,SEARCH("line ",F11)+5,SEARCH(" ",F11,SEARCH("line ",F11)+6)-SEARCH("line ",F11)-5)*1,"") | I11: =IF(E11=1,MID(F11,SEARCH("Time: ",F11)+6,SEARCH(" ",F11,SEARCH("Time: ",F11)+7)-SEARCH("Time: ",F11)-6)*1,"")
A12: SOLVED! New button count: 46.0 for line 2 (Time: 0.00038504600524902344 seconds) | E12: =IF(LEFT(A12,7)="SOLVED!",1,"") -> 1 | F12: =IF(E12=1,RIGHT(A12,LEN(A12)-26),"") -> 46.0 for line 2 (Time: 0.00038504600524902344 seconds) | G12: =IF(E12=1,LEFT(F12,SEARCH(" ",F12))*1,"") -> 46 | H12: =IF(E12=1,MID(F12,SEARCH("line ",F12)+5,SEARCH(" ",F12,SEARCH("line ",F12)+6)-SEARCH("line ",F12)-5)*1,"") -> 2 | I12: =IF(E12=1,MID(F12,SEARCH("Time: ",F12)+6,SEARCH(" ",F12,SEARCH("Time: ",F12)+7)-SEARCH("Time: ",F12)-6)*1,"") -> 0.00038504601
A13: Buttons: (2,3) (0,5) (0,3) (1,3,5) (1,3) (1,2,3) (0,2,3,4) (0,1,3) | E13: =IF(LEFT(A13,7)="SOLVED!",1,"") | F13: =IF(E13=1,RIGHT(A13,LEN(A13)-26),"") | G13: =IF(E13=1,LEFT(F13,SEARCH(" ",F13))*1,"") | H13: =IF(E13=1,MID(F13,SEARCH("line ",F13)+5,SEARCH(" ",F13,SEARCH("line ",F13)+6)-SEARCH("line ",F13)-5)*1,"") | I13: =IF(E13=1,MID(F13,SEARCH("Time: ",F13)+6,SEARCH(" ",F13,SEARCH("Time: ",F13)+7)-SEARCH("Time: ",F13)-6)*1,"")
A14: Third segment: {43,26,17,46,15,25} | E14: =IF(LEFT(A14,7)="SOLVED!",1,"") | F14: =IF(E14=1,RIGHT(A14,LEN(A14)-26),"") | G14: =IF(E14=1,LEFT(F14,SEARCH(" ",F14))*1,"") | H14: =IF(E14=1,MID(F14,SEARCH("line ",F14)+5,SEARCH(" ",F14,SEARCH("line ",F14)+6)-SEARCH("line ",F14)-5)*1,"") | I14: =IF(E14=1,MID(F14,SEARCH("Time: ",F14)+6,SEARCH(" ",F14,SEARCH("Time: ",F14)+7)-SEARCH("Time: ",F14)-6)*1,"")
E15: =IF(LEFT(A15,7)="SOLVED!",1,"") | F15: =IF(E15=1,RIGHT(A15,LEN(A15)-26),"") | G15: =IF(E15=1,LEFT(F15,SEARCH(" ",F15))*1,"") | H15: =IF(E15=1,MID(F15,SEARCH("line ",F15)+5,SEARCH(" ",F15,SEARCH("line ",F15)+6)-SEARCH("line ",F15)-5)*1,"") | I15: =IF(E15=1,MID(F15,SEARCH("Time: ",F15)+6,SEARCH(" ",F15,SEARCH("Time: ",F15)+7)-SEARCH("Time: ",F15)-6)*1,"")
A16: SOLVED! New button count: 58.0 for line 3 (Time: 0.00038814544677734375 seconds) | E16: =IF(LEFT(A16,7)="SOLVED!",1,"") -> 1 | F16: =IF(E16=1,RIGHT(A16,LEN(A16)-26),"") -> 58.0 for line 3 (Time: 0.00038814544677734375 seconds) | G16: =IF(E16=1,LEFT(F16,SEARCH(" ",F16))*1,"") -> 58 | H16: =IF(E16=1,MID(F16,SEARCH("line ",F16)+5,SEARCH(" ",F16,SEARCH("line ",F16)+6)-SEARCH("line ",F16)-5)*1,"") -> 3 | I16: =IF(E16=1,MID(F16,SEARCH("Time: ",F16)+6,SEARCH(" ",F16,SEARCH("Time: ",F16)+7)-SEARCH("Time: ",F16)-6)*1,"") -> 0.00038814545
A17: Buttons: (0,1,2,3,5,7,8) (0,1,2,3,4,6,7,8) (1) (0,2,3,4,5,6,7) (0,1,7) (0,2,3,5) (3,8) (1,6) (0,1,2,4) (0,1,6,7,8) | E17: =IF(LEFT(A17,7)="SOLVED!",1,"") | F17: =IF(E17=1,RIGHT(A17,LEN(A17)-26),"") | G17: =IF(E17=1,LEFT(F17,SEARCH(" ",F17))*1,"") | H17: =IF(E17=1,MID(F17,SEARCH("line ",F17)+5,SEARCH(" ",F17,SEARCH("line ",F17)+6)-SEARCH("line ",F17)-5)*1,"") | I17: =IF(E17=1,MID(F17,SEARCH("Time: ",F17)+6,SEARCH(" ",F17,SEARCH("Time: ",F17)+7)-SEARCH("Time: ",F17)-6)*1,"")
A18: Third segment: {61,67,34,31,28,23,53,50,24} | E18: =IF(LEFT(A18,7)="SOLVED!",1,"") | F18: =IF(E18=1,RIGHT(A18,LEN(A18)-26),"") | G18: =IF(E18=1,LEFT(F18,SEARCH(" ",F18))*1,"") | H18: =IF(E18=1,MID(F18,SEARCH("line ",F18)+5,SEARCH(" ",F18,SEARCH("line ",F18)+6)-SEARCH("line ",F18)-5)*1,"") | I18: =IF(E18=1,MID(F18,SEARCH("Time: ",F18)+6,SEARCH(" ",F18,SEARCH("Time: ",F18)+7)-SEARCH("Time: ",F18)-6)*1,"")
E19: =IF(LEFT(A19,7)="SOLVED!",1,"") | F19: =IF(E19=1,RIGHT(A19,LEN(A19)-26),"") | G19: =IF(E19=1,LEFT(F19,SEARCH(" ",F19))*1,"") | H19: =IF(E19=1,MID(F19,SEARCH("line ",F19)+5,SEARCH(" ",F19,SEARCH("line ",F19)+6)-SEARCH("line ",F19)-5)*1,"") | I19: =IF(E19=1,MID(F19,SEARCH("Time: ",F19)+6,SEARCH(" ",F19,SEARCH("Time: ",F19)+7)-SEARCH("Time: ",F19)-6)*1,"")
A20: SOLVED! New button count: 92.0 for line 4 (Time: 0.00038909912109375 seconds) | E20: =IF(LEFT(A20,7)="SOLVED!",1,"") -> 1 | F20: =IF(E20=1,RIGHT(A20,LEN(A20)-26),"") -> 92.0 for line 4 (Time: 0.00038909912109375 seconds) | G20: =IF(E20=1,LEFT(F20,SEARCH(" ",F20))*1,"") -> 92 | H20: =IF(E20=1,MID(F20,SEARCH("line ",F20)+5,SEARCH(" ",F20,SEARCH("line ",F20)+6)-SEARCH("line ",F20)-5)*1,"") -> 4 | I20: =IF(E20=1,MID(F20,SEARCH("Time: ",F20)+6,SEARCH(" ",F20,SEARCH("Time: ",F20)+7)-SEARCH("Time: ",F20)-6)*1,"") -> 0.00038909912
A21: Buttons: (0,1,2,4,6,7,8,9) (6) (3,4,5,7,8) (3,4,7) (2,5) (2,4,7,9) (2,4,5,7) (1) (3,5,6,9) (0,5,7,9) (0,1,3,4,7,9) | E21: =IF(LEFT(A21,7)="SOLVED!",1,"") | F21: =IF(E21=1,RIGHT(A21,LEN(A21)-26),"") | G21: =IF(E21=1,LEFT(F21,SEARCH(" ",F21))*1,"") | H21: =IF(E21=1,MID(F21,SEARCH("line ",F21)+5,SEARCH(" ",F21,SEARCH("line ",F21)+6)-SEARCH("line ",F21)-5)*1,"") | I21: =IF(E21=1,MID(F21,SEARCH("Time: ",F21)+6,SEARCH(" ",F21,SEARCH("Time: ",F21)+7)-SEARCH("Time: ",F21)-6)*1,"")
A22: Third segment: {44,47,57,42,69,46,40,78,21,69} | E22: =IF(LEFT(A22,7)="SOLVED!",1,"") | F22: =IF(E22=1,RIGHT(A22,LEN(A22)-26),"") | G22: =IF(E22=1,LEFT(F22,SEARCH(" ",F22))*1,"") | H22: =IF(E22=1,MID(F22,SEARCH("line ",F22)+5,SEARCH(" ",F22,SEARCH("line ",F22)+6)-SEARCH("line ",F22)-5)*1,"") | I22: =IF(E22=1,MID(F22,SEARCH("Time: ",F22)+6,SEARCH(" ",F22,SEARCH("Time: ",F22)+7)-SEARCH("Time: ",F22)-6)*1,"")
E23: =IF(LEFT(A23,7)="SOLVED!",1,"") | F23: =IF(E23=1,RIGHT(A23,LEN(A23)-26),"") | G23: =IF(E23=1,LEFT(F23,SEARCH(" ",F23))*1,"") | H23: =IF(E23=1,MID(F23,SEARCH("line ",F23)+5,SEARCH(" ",F23,SEARCH("line ",F23)+6)-SEARCH("line ",F23)-5)*1,"") | I23: =IF(E23=1,MID(F23,SEARCH("Time: ",F23)+6,SEARCH(" ",F23,SEARCH("Time: ",F23)+7)-SEARCH("Time: ",F23)-6)*1,"")
A24: SOLVED! New button count: 126.0 for line 5 (Time: 0.0003719329833984375 seconds) | E24: =IF(LEFT(A24,7)="SOLVED!",1,"") -> 1 | F24: =IF(E24=1,RIGHT(A24,LEN(A24)-26),"") -> 126.0 for line 5 (Time: 0.0003719329833984375 seconds) | G24: =IF(E24=1,LEFT(F24,SEARCH(" ",F24))*1,"") -> 126 | H24: =IF(E24=1,MID(F24,SEARCH("line ",F24)+5,SEARCH(" ",F24,SEARCH("line ",F24)+6)-SEARCH("line ",F24)-5)*1,"") -> 5 | I24: =IF(E24=1,MID(F24,SEARCH("Time: ",F24)+6,SEARCH(" ",F24,SEARCH("Time: ",F24)+7)-SEARCH("Time: ",F24)-6)*1,"") -> 0.00037193298
A25: Buttons: (1,2,3,4,5,7) (0,1,2,4,5,6) (0,2,5,6) (0,2,3,4,6,7) (0,1,2,3,5,6,7) (0,1,2,3,4,5,7) | E25: =IF(LEFT(A25,7)="SOLVED!",1,"") | F25: =IF(E25=1,RIGHT(A25,LEN(A25)-26),"") | G25: =IF(E25=1,LEFT(F25,SEARCH(" ",F25))*1,"") | H25: =IF(E25=1,MID(F25,SEARCH("line ",F25)+5,SEARCH(" ",F25,SEARCH("line ",F25)+6)-SEARCH("line ",F25)-5)*1,"") | I25: =IF(E25=1,MID(F25,SEARCH("Time: ",F25)+6,SEARCH(" ",F25,SEARCH("Time: ",F25)+7)-SEARCH("Time: ",F25)-6)*1,"")
A26: Third segment: {36,19,43,20,30,31,36,20} | E26: =IF(LEFT(A26,7)="SOLVED!",1,"") | F26: =IF(E26=1,RIGHT(A26,LEN(A26)-26),"") | G26: =IF(E26=1,LEFT(F26,SEARCH(" ",F26))*1,"") | H26: =IF(E26=1,MID(F26,SEARCH("line ",F26)+5,SEARCH(" ",F26,SEARCH("line ",F26)+6)-SEARCH("line ",F26)-5)*1,"") | I26: =IF(E26=1,MID(F26,SEARCH("Time: ",F26)+6,SEARCH(" ",F26,SEARCH("Time: ",F26)+7)-SEARCH("Time: ",F26)-6)*1,"")
E27: =IF(LEFT(A27,7)="SOLVED!",1,"") | F27: =IF(E27=1,RIGHT(A27,LEN(A27)-26),"") | G27: =IF(E27=1,LEFT(F27,SEARCH(" ",F27))*1,"") | H27: =IF(E27=1,MID(F27,SEARCH("line ",F27)+5,SEARCH(" ",F27,SEARCH("line ",F27)+6)-SEARCH("line ",F27)-5)*1,"") | I27: =IF(E27=1,MID(F27,SEARCH("Time: ",F27)+6,SEARCH(" ",F27,SEARCH("Time: ",F27)+7)-SEARCH("Time: ",F27)-6)*1,"")
A28: SOLVED! New button count: 43.0 for line 6 (Time: 0.0003421306610107422 seconds) | E28: =IF(LEFT(A28,7)="SOLVED!",1,"") -> 1 | F28: =IF(E28=1,RIGHT(A28,LEN(A28)-26),"") -> 43.0 for line 6 (Time: 0.0003421306610107422 seconds) | G28: =IF(E28=1,LEFT(F28,SEARCH(" ",F28))*1,"") -> 43 | H28: =IF(E28=1,MID(F28,SEARCH("line ",F28)+5,SEARCH(" ",F28,SEARCH("line ",F28)+6)-SEARCH("line ",F28)-5)*1,"") -> 6 | I28: =IF(E28=1,MID(F28,SEARCH("Time: ",F28)+6,SEARCH(" ",F28,SEARCH("Time: ",F28)+7)-SEARCH("Time: ",F28)-6)*1,"") -> 0.00034213066
A29: Buttons: (0,1,2) (1,4) (0,3) | E29: =IF(LEFT(A29,7)="SOLVED!",1,"") | F29: =IF(E29=1,RIGHT(A29,LEN(A29)-26),"") | G29: =IF(E29=1,LEFT(F29,SEARCH(" ",F29))*1,"") | H29: =IF(E29=1,MID(F29,SEARCH("line ",F29)+5,SEARCH(" ",F29,SEARCH("line ",F29)+6)-SEARCH("line ",F29)-5)*1,"") | I29: =IF(E29=1,MID(F29,SEARCH("Time: ",F29)+6,SEARCH(" ",F29,SEARCH("Time: ",F29)+7)-SEARCH("Time: ",F29)-6)*1,"")
A30: Third segment: {18,30,13,5,17} | E30: =IF(LEFT(A30,7)="SOLVED!",1,"") | F30: =IF(E30=1,RIGHT(A30,LEN(A30)-26),"") | G30: =IF(E30=1,LEFT(F30,SEARCH(" ",F30))*1,"") | H30: =IF(E30=1,MID(F30,SEARCH("line ",F30)+5,SEARCH(" ",F30,SEARCH("line ",F30)+6)-SEARCH("line ",F30)-5)*1,"") | I30: =IF(E30=1,MID(F30,SEARCH("Time: ",F30)+6,SEARCH(" ",F30,SEARCH("Time: ",F30)+7)-SEARCH("Time: ",F30)-6)*1,"")
E31: =IF(LEFT(A31,7)="SOLVED!",1,"") | F31: =IF(E31=1,RIGHT(A31,LEN(A31)-26),"") | G31: =IF(E31=1,LEFT(F31,SEARCH(" ",F31))*1,"") | H31: =IF(E31=1,MID(F31,SEARCH("line ",F31)+5,SEARCH(" ",F31,SEARCH("line ",F31)+6)-SEARCH("line ",F31)-5)*1,"") | I31: =IF(E31=1,MID(F31,SEARCH("Time: ",F31)+6,SEARCH(" ",F31,SEARCH("Time: ",F31)+7)-SEARCH("Time: ",F31)-6)*1,"")
A32: SOLVED! New button count: 35.0 for line 7 (Time: 0.0003120899200439453 seconds) | E32: =IF(LEFT(A32,7)="SOLVED!",1,"") -> 1 | F32: =IF(E32=1,RIGHT(A32,LEN(A32)-26),"") -> 35.0 for line 7 (Time: 0.0003120899200439453 seconds) | G32: =IF(E32=1,LEFT(F32,SEARCH(" ",F32))*1,"") -> 35 | H32: =IF(E32=1,MID(F32,SEARCH("line ",F32)+5,SEARCH(" ",F32,SEARCH("line ",F32)+6)-SEARCH("line ",F32)-5)*1,"") -> 7 | I32: =IF(E32=1,MID(F32,SEARCH("Time: ",F32)+6,SEARCH(" ",F32,SEARCH("Time: ",F32)+7)-SEARCH("Time: ",F32)-6)*1,"") -> 0.00031208992
A33: Buttons: (2,4,6,7) (0,1,2,3,5,7) (2) (1,7) (0,2,3,5) (0,1,3,4,5,7) (3,5,6,7) | E33: =IF(LEFT(A33,7)="SOLVED!",1,"") | F33: =IF(E33=1,RIGHT(A33,LEN(A33)-26),"") | G33: =IF(E33=1,LEFT(F33,SEARCH(" ",F33))*1,"") | H33: =IF(E33=1,MID(F33,SEARCH("line ",F33)+5,SEARCH(" ",F33,SEARCH("line ",F33)+6)-SEARCH("line ",F33)-5)*1,"") | I33: =IF(E33=1,MID(F33,SEARCH("Time: ",F33)+6,SEARCH(" ",F33,SEARCH("Time: ",F33)+7)-SEARCH("Time: ",F33)-6)*1,"")
A34: Third segment: {42,135,61,53,17,53,21,156} | E34: =IF(LEFT(A34,7)="SOLVED!",1,"") | F34: =IF(E34=1,RIGHT(A34,LEN(A34)-26),"") | G34: =IF(E34=1,LEFT(F34,SEARCH(" ",F34))*1,"") | H34: =IF(E34=1,MID(F34,SEARCH("line ",F34)+5,SEARCH(" ",F34,SEARCH("line ",F34)+6)-SEARCH("line ",F34)-5)*1,"") | I34: =IF(E34=1,MID(F34,SEARCH("Time: ",F34)+6,SEARCH(" ",F34,SEARCH("Time: ",F34)+7)-SEARCH("Time: ",F34)-6)*1,"")
E35: =IF(LEFT(A35,7)="SOLVED!",1,"") | F35: =IF(E35=1,RIGHT(A35,LEN(A35)-26),"") | G35: =IF(E35=1,LEFT(F35,SEARCH(" ",F35))*1,"") | H35: =IF(E35=1,MID(F35,SEARCH("line ",F35)+5,SEARCH(" ",F35,SEARCH("line ",F35)+6)-SEARCH("line ",F35)-5)*1,"") | I35: =IF(E35=1,MID(F35,SEARCH("Time: ",F35)+6,SEARCH(" ",F35,SEARCH("Time: ",F35)+7)-SEARCH("Time: ",F35)-6)*1,"")
A36: SOLVED! New button count: 172.0 for line 8 (Time: 0.0003368854522705078 seconds) | E36: =IF(LEFT(A36,7)="SOLVED!",1,"") -> 1 | F36: =IF(E36=1,RIGHT(A36,LEN(A36)-26),"") -> 172.0 for line 8 (Time: 0.0003368854522705078 seconds) | G36: =IF(E36=1,LEFT(F36,SEARCH(" ",F36))*1,"") -> 172 | H36: =IF(E36=1,MID(F36,SEARCH("line ",F36)+5,SEARCH(" ",F36,SEARCH("line ",F36)+6)-SEARCH("line ",F36)-5)*1,"") -> 8 | I36: =IF(E36=1,MID(F36,SEARCH("Time: ",F36)+6,SEARCH(" ",F36,SEARCH("Time: ",F36)+7)-SEARCH("Time: ",F36)-6)*1,"") -> 0.00033688545
A37: Buttons: (3,4,5,6,7,8) (0,1,4,6) (0,3,5,6,7) (0,2,7,8) (0,2,4,6,8) (0,6,7,8) (1,2,3,5,6) (0,2,3) (6,7) (1,2,6,7) (0,1,2,5,6,7,8) | E37: =IF(LEFT(A37,7)="SOLVED!",1,"") | F37: =IF(E37=1,RIGHT(A37,LEN(A37)-26),"") | G37: =IF(E37=1,LEFT(F37,SEARCH(" ",F37))*1,"") | H37: =IF(E37=1,MID(F37,SEARCH("line ",F37)+5,SEARCH(" ",F37,SEARCH("line ",F37)+6)-SEARCH("line ",F37)-5)*1,"") | I37: =IF(E37=1,MID(F37,SEARCH("Time: ",F37)+6,SEARCH(" ",F37,SEARCH("Time: ",F37)+7)-SEARCH("Time: ",F37)-6)*1,"")
A38: Third segment: {71,51,85,42,27,59,108,93,75} | E38: =IF(LEFT(A38,7)="SOLVED!",1,"") | F38: =IF(E38=1,RIGHT(A38,LEN(A38)-26),"") | G38: =IF(E38=1,LEFT(F38,SEARCH(" ",F38))*1,"") | H38: =IF(E38=1,MID(F38,SEARCH("line ",F38)+5,SEARCH(" ",F38,SEARCH("line ",F38)+6)-SEARCH("line ",F38)-5)*1,"") | I38: =IF(E38=1,MID(F38,SEARCH("Time: ",F38)+6,SEARCH(" ",F38,SEARCH("Time: ",F38)+7)-SEARCH("Time: ",F38)-6)*1,"")
E39: =IF(LEFT(A39,7)="SOLVED!",1,"") | F39: =IF(E39=1,RIGHT(A39,LEN(A39)-26),"") | G39: =IF(E39=1,LEFT(F39,SEARCH(" ",F39))*1,"") | H39: =IF(E39=1,MID(F39,SEARCH("line ",F39)+5,SEARCH(" ",F39,SEARCH("line ",F39)+6)-SEARCH("line ",F39)-5)*1,"") | I39: =IF(E39=1,MID(F39,SEARCH("Time: ",F39)+6,SEARCH(" ",F39,SEARCH("Time: ",F39)+7)-SEARCH("Time: ",F39)-6)*1,"")
A40: SOLVED! New button count: 128.0 for line 9 (Time: 0.0008509159088134766 seconds) | E40: =IF(LEFT(A40,7)="SOLVED!",1,"") -> 1 | F40: =IF(E40=1,RIGHT(A40,LEN(A40)-26),"") -> 128.0 for line 9 (Time: 0.0008509159088134766 seconds) | G40: =IF(E40=1,LEFT(F40,SEARCH(" ",F40))*1,"") -> 128 | H40: =IF(E40=1,MID(F40,SEARCH("line ",F40)+5,SEARCH(" ",F40,SEARCH("line ",F40)+6)-SEARCH("line ",F40)-5)*1,"") -> 9 | I40: =IF(E40=1,MID(F40,SEARCH("Time: ",F40)+6,SEARCH(" ",F40,SEARCH("Time: ",F40)+7)-SEARCH("Time: ",F40)-6)*1,"") -> 0.00085091591
A41: Buttons: (0,3,6) (4,6,7) (0,1,4,5,7) (0,1,4) (1,2,4) (1,3,4,5) (0,1,3,4,5) (0,4,5,7) | E41: =IF(LEFT(A41,7)="SOLVED!",1,"") | F41: =IF(E41=1,RIGHT(A41,LEN(A41)-26),"") | G41: =IF(E41=1,LEFT(F41,SEARCH(" ",F41))*1,"") | H41: =IF(E41=1,MID(F41,SEARCH("line ",F41)+5,SEARCH(" ",F41,SEARCH("line ",F41)+6)-SEARCH("line ",F41)-5)*1,"") | I41: =IF(E41=1,MID(F41,SEARCH("Time: ",F41)+6,SEARCH(" ",F41,SEARCH("Time: ",F41)+7)-SEARCH("Time: ",F41)-6)*1,"")
A42: Third segment: {164,188,17,153,198,160,14,21} | E42: =IF(LEFT(A42,7)="SOLVED!",1,"") | F42: =IF(E42=1,RIGHT(A42,LEN(A42)-26),"") | G42: =IF(E42=1,LEFT(F42,SEARCH(" ",F42))*1,"") | H42: =IF(E42=1,MID(F42,SEARCH("line ",F42)+5,SEARCH(" ",F42,SEARCH("line ",F42)+6)-SEARCH("line ",F42)-5)*1,"") | I42: =IF(E42=1,MID(F42,SEARCH("Time: ",F42)+6,SEARCH(" ",F42,SEARCH("Time: ",F42)+7)-SEARCH("Time: ",F42)-6)*1,"")
E43: =IF(LEFT(A43,7)="SOLVED!",1,"") | F43: =IF(E43=1,RIGHT(A43,LEN(A43)-26),"") | G43: =IF(E43=1,LEFT(F43,SEARCH(" ",F43))*1,"") | H43: =IF(E43=1,MID(F43,SEARCH("line ",F43)+5,SEARCH(" ",F43,SEARCH("line ",F43)+6)-SEARCH("line ",F43)-5)*1,"") | I43: =IF(E43=1,MID(F43,SEARCH("Time: ",F43)+6,SEARCH(" ",F43,SEARCH("Time: ",F43)+7)-SEARCH("Time: ",F43)-6)*1,"")
A44: SOLVED! New button count: 202.0 for line 10 (Time: 0.0003781318664550781 seconds) | E44: =IF(LEFT(A44,7)="SOLVED!",1,"") -> 1 | F44: =IF(E44=1,RIGHT(A44,LEN(A44)-26),"") -> 202.0 for line 10 (Time: 0.0003781318664550781 seconds) | G44: =IF(E44=1,LEFT(F44,SEARCH(" ",F44))*1,"") -> 202 | H44: =IF(E44=1,MID(F44,SEARCH("line ",F44)+5,SEARCH(" ",F44,SEARCH("line ",F44)+6)-SEARCH("line ",F44)-5)*1,"") -> 10 | I44: =IF(E44=1,MID(F44,SEARCH("Time: ",F44)+6,SEARCH(" ",F44,SEARCH("Time: ",F44)+7)-SEARCH("Time: ",F44)-6)*1,"") -> 0.00037813187
A45: Buttons: (1,4,8) (0,1,2,7,8) (4,6,7) (0,4,5,6,8) (1,3,6,7,9) (0,5,6,8) (4,6) (1,3,8,9) (0,4,9) (0,1,3,4,5,7,8,9) (0,2,3,7,9) (1,2,3) | E45: =IF(LEFT(A45,7)="SOLVED!",1,"") | F45: =IF(E45=1,RIGHT(A45,LEN(A45)-26),"") | G45: =IF(E45=1,LEFT(F45,SEARCH(" ",F45))*1,"") | H45: =IF(E45=1,MID(F45,SEARCH("line ",F45)+5,SEARCH(" ",F45,SEARCH("line ",F45)+6)-SEARCH("line ",F45)-5)*1,"") | I45: =IF(E45=1,MID(F45,SEARCH("Time: ",F45)+6,SEARCH(" ",F45,SEARCH("Time: ",F45)+7)-SEARCH("Time: ",F45)-6)*1,"")
A46: Third segment: {39,55,32,44,42,17,48,43,48,34} | E46: =IF(LEFT(A46,7)="SOLVED!",1,"") | F46: =IF(E46=1,RIGHT(A46,LEN(A46)-26),"") | G46: =IF(E46=1,LEFT(F46,SEARCH(" ",F46))*1,"") | H46: =IF(E46=1,MID(F46,SEARCH("line ",F46)+5,SEARCH(" ",F46,SEARCH("line ",F46)+6)-SEARCH("line ",F46)-5)*1,"") | I46: =IF(E46=1,MID(F46,SEARCH("Time: ",F46)+6,SEARCH(" ",F46,SEARCH("Time: ",F46)+7)-SEARCH("Time: ",F46)-6)*1,"")
E47: =IF(LEFT(A47,7)="SOLVED!",1,"") | F47: =IF(E47=1,RIGHT(A47,LEN(A47)-26),"") | G47: =IF(E47=1,LEFT(F47,SEARCH(" ",F47))*1,"") | H47: =IF(E47=1,MID(F47,SEARCH("line ",F47)+5,SEARCH(" ",F47,SEARCH("line ",F47)+6)-SEARCH("line ",F47)-5)*1,"") | I47: =IF(E47=1,MID(F47,SEARCH("Time: ",F47)+6,SEARCH(" ",F47,SEARCH("Time: ",F47)+7)-SEARCH("Time: ",F47)-6)*1,"")
A48: SOLVED! New button count: 99.0 for line 11 (Time: 0.0009510517120361328 seconds) | E48: =IF(LEFT(A48,7)="SOLVED!",1,"") -> 1 | F48: =IF(E48=1,RIGHT(A48,LEN(A48)-26),"") -> 99.0 for line 11 (Time: 0.0009510517120361328 seconds) | G48: =IF(E48=1,LEFT(F48,SEARCH(" ",F48))*1,"") -> 99 | H48: =IF(E48=1,MID(F48,SEARCH("line ",F48)+5,SEARCH(" ",F48,SEARCH("line ",F48)+6)-SEARCH("line ",F48)-5)*1,"") -> 11 | I48: =IF(E48=1,MID(F48,SEARCH("Time: ",F48)+6,SEARCH(" ",F48,SEARCH("Time: ",F48)+7)-SEARCH("Time: ",F48)-6)*1,"") -> 0.00095105171
A49: Buttons: (0,2,3,4) (0,1,4) (2,3,4) (0,1,3,4) (1) (0,2) (1,2,3) | E49: =IF(LEFT(A49,7)="SOLVED!",1,"") | F49: =IF(E49=1,RIGHT(A49,LEN(A49)-26),"") | G49: =IF(E49=1,LEFT(F49,SEARCH(" ",F49))*1,"") | H49: =IF(E49=1,MID(F49,SEARCH("line ",F49)+5,SEARCH(" ",F49,SEARCH("line ",F49)+6)-SEARCH("line ",F49)-5)*1,"") | I49: =IF(E49=1,MID(F49,SEARCH("Time: ",F49)+6,SEARCH(" ",F49,SEARCH("Time: ",F49)+7)-SEARCH("Time: ",F49)-6)*1,"")
A50: Third segment: {164,180,56,64,172} | E50: =IF(LEFT(A50,7)="SOLVED!",1,"") | F50: =IF(E50=1,RIGHT(A50,LEN(A50)-26),"") | G50: =IF(E50=1,LEFT(F50,SEARCH(" ",F50))*1,"") | H50: =IF(E50=1,MID(F50,SEARCH("line ",F50)+5,SEARCH(" ",F50,SEARCH("line ",F50)+6)-SEARCH("line ",F50)-5)*1,"") | I50: =IF(E50=1,MID(F50,SEARCH("Time: ",F50)+6,SEARCH(" ",F50,SEARCH("Time: ",F50)+7)-SEARCH("Time: ",F50)-6)*1,"")
E51: =IF(LEFT(A51,7)="SOLVED!",1,"") | F51: =IF(E51=1,RIGHT(A51,LEN(A51)-26),"") | G51: =IF(E51=1,LEFT(F51,SEARCH(" ",F51))*1,"") | H51: =IF(E51=1,MID(F51,SEARCH("line ",F51)+5,SEARCH(" ",F51,SEARCH("line ",F51)+6)-SEARCH("line ",F51)-5)*1,"") | I51: =IF(E51=1,MID(F51,SEARCH("Time: ",F51)+6,SEARCH(" ",F51,SEARCH("Time: ",F51)+7)-SEARCH("Time: ",F51)-6)*1,"")
A52: SOLVED! New button count: 204.0 for line 12 (Time: 0.0005221366882324219 seconds) | E52: =IF(LEFT(A52,7)="SOLVED!",1,"") -> 1 | F52: =IF(E52=1,RIGHT(A52,LEN(A52)-26),"") -> 204.0 for line 12 (Time: 0.0005221366882324219 seconds) | G52: =IF(E52=1,LEFT(F52,SEARCH(" ",F52))*1,"") -> 204 | H52: =IF(E52=1,MID(F52,SEARCH("line ",F52)+5,SEARCH(" ",F52,SEARCH("line ",F52)+6)-SEARCH("line ",F52)-5)*1,"") -> 12 | I52: =IF(E52=1,MID(F52,SEARCH("Time: ",F52)+6,SEARCH(" ",F52,SEARCH("Time: ",F52)+7)-SEARCH("Time: ",F52)-6)*1,"") -> 0.00052213669
A53: Buttons: (0,3,4,5,7,8) (3,5,8) (1,2,3,7,8) (0,1,6) (0,1,2,3,7) (0,3,4,5,6,7,8) (1,2,3,4,5,6,7,8) (0,2,3,4,5,6,8) (1,3,5,6,7) (1,3,4,5,7) (1,4,6,7) | E53: =IF(LEFT(A53,7)="SOLVED!",1,"") | F53: =IF(E53=1,RIGHT(A53,LEN(A53)-26),"") | G53: =IF(E53=1,LEFT(F53,SEARCH(" ",F53))*1,"") | H53: =IF(E53=1,MID(F53,SEARCH("line ",F53)+5,SEARCH(" ",F53,SEARCH("line ",F53)+6)-SEARCH("line ",F53)-5)*1,"") | I53: =IF(E53=1,MID(F53,SEARCH("Time: ",F53)+6,SEARCH(" ",F53,SEARCH("Time: ",F53)+7)-SEARCH("Time: ",F53)-6)*1,"")
A54: Third segment: {47,79,34,83,57,68,74,77,68} | E54: =IF(LEFT(A54,7)="SOLVED!",1,"") | F54: =IF(E54=1,RIGHT(A54,LEN(A54)-26),"") | G54: =IF(E54=1,LEFT(F54,SEARCH(" ",F54))*1,"") | H54: =IF(E54=1,MID(F54,SEARCH("line ",F54)+5,SEARCH(" ",F54,SEARCH("line ",F54)+6)-SEARCH("line ",F54)-5)*1,"") | I54: =IF(E54=1,MID(F54,SEARCH("Time: ",F54)+6,SEARCH(" ",F54,SEARCH("Time: ",F54)+7)-SEARCH("Time: ",F54)-6)*1,"")
E55: =IF(LEFT(A55,7)="SOLVED!",1,"") | F55: =IF(E55=1,RIGHT(A55,LEN(A55)-26),"") | G55: =IF(E55=1,LEFT(F55,SEARCH(" ",F55))*1,"") | H55: =IF(E55=1,MID(F55,SEARCH("line ",F55)+5,SEARCH(" ",F55,SEARCH("line ",F55)+6)-SEARCH("line ",F55)-5)*1,"") | I55: =IF(E55=1,MID(F55,SEARCH("Time: ",F55)+6,SEARCH(" ",F55,SEARCH("Time: ",F55)+7)-SEARCH("Time: ",F55)-6)*1,"")
A56: SOLVED! New button count: 114.0 for line 13 (Time: 0.0008769035339355469 seconds) | E56: =IF(LEFT(A56,7)="SOLVED!",1,"") -> 1 | F56: =IF(E56=1,RIGHT(A56,LEN(A56)-26),"") -> 114.0 for line 13 (Time: 0.0008769035339355469 seconds) | G56: =IF(E56=1,LEFT(F56,SEARCH(" ",F56))*1,"") -> 114 | H56: =IF(E56=1,MID(F56,SEARCH("line ",F56)+5,SEARCH(" ",F56,SEARCH("line ",F56)+6)-SEARCH("line ",F56)-5)*1,"") -> 13 | I56: =IF(E56=1,MID(F56,SEARCH("Time: ",F56)+6,SEARCH(" ",F56,SEARCH("Time: ",F56)+7)-SEARCH("Time: ",F56)-6)*1,"") -> 0.00087690353
A57: Buttons: (0,1,2) (0,1,3,4,5,6,7,9) (4) (7,9) (0,1,2,4,5,7,8,9) (2,3,4,5,8) (0,1,3,4,5,6,8) (2,3,4,6) (0,1,3,5,6,7,8) (0,1,2,4,5,6,7,8) (0,3,4,5,6,7,8,9) | E57: =IF(LEFT(A57,7)="SOLVED!",1,"") | F57: =IF(E57=1,RIGHT(A57,LEN(A57)-26),"") | G57: =IF(E57=1,LEFT(F57,SEARCH(" ",F57))*1,"") | H57: =IF(E57=1,MID(F57,SEARCH("line ",F57)+5,SEARCH(" ",F57,SEARCH("line ",F57)+6)-SEARCH("line ",F57)-5)*1,"") | I57: =IF(E57=1,MID(F57,SEARCH("Time: ",F57)+6,SEARCH(" ",F57,SEARCH("Time: ",F57)+7)-SEARCH("Time: ",F57)-6)*1,"")
A58: Third segment: {76,71,63,71,114,82,71,64,63,51} | E58: =IF(LEFT(A58,7)="SOLVED!",1,"") | F58: =IF(E58=1,RIGHT(A58,LEN(A58)-26),"") | G58: =IF(E58=1,LEFT(F58,SEARCH(" ",F58))*1,"") | H58: =IF(E58=1,MID(F58,SEARCH("line ",F58)+5,SEARCH(" ",F58,SEARCH("line ",F58)+6)-SEARCH("line ",F58)-5)*1,"") | I58: =IF(E58=1,MID(F58,SEARCH("Time: ",F58)+6,SEARCH(" ",F58,SEARCH("Time: ",F58)+7)-SEARCH("Time: ",F58)-6)*1,"")
E59: =IF(LEFT(A59,7)="SOLVED!",1,"") | F59: =IF(E59=1,RIGHT(A59,LEN(A59)-26),"") | G59: =IF(E59=1,LEFT(F59,SEARCH(" ",F59))*1,"") | H59: =IF(E59=1,MID(F59,SEARCH("line ",F59)+5,SEARCH(" ",F59,SEARCH("line ",F59)+6)-SEARCH("line ",F59)-5)*1,"") | I59: =IF(E59=1,MID(F59,SEARCH("Time: ",F59)+6,SEARCH(" ",F59,SEARCH("Time: ",F59)+7)-SEARCH("Time: ",F59)-6)*1,"")
A60: SOLVED! New button count: 122.0 for line 14 (Time: 0.0009059906005859375 seconds) | E60: =IF(LEFT(A60,7)="SOLVED!",1,"") -> 1 | F60: =IF(E60=1,RIGHT(A60,LEN(A60)-26),"") -> 122.0 for line 14 (Time: 0.0009059906005859375 seconds) | G60: =IF(E60=1,LEFT(F60,SEARCH(" ",F60))*1,"") -> 122 | H60: =IF(E60=1,MID(F60,SEARCH("line ",F60)+5,SEARCH(" ",F60,SEARCH("line ",F60)+6)-SEARCH("line ",F60)-5)*1,"") -> 14 | I60: =IF(E60=1,MID(F60,SEARCH("Time: ",F60)+6,SEARCH(" ",F60,SEARCH("Time: ",F60)+7)-SEARCH("Time: ",F60)-6)*1,"") -> 0.0009059906
A61: Buttons: (0,4,6) (1,4,6) (2,3,4) (2,3) (0,1,3,5,6) (0,1,2,5) (3,6) | E61: =IF(LEFT(A61,7)="SOLVED!",1,"") | F61: =IF(E61=1,RIGHT(A61,LEN(A61)-26),"") | G61: =IF(E61=1,LEFT(F61,SEARCH(" ",F61))*1,"") | H61: =IF(E61=1,MID(F61,SEARCH("line ",F61)+5,SEARCH(" ",F61,SEARCH("line ",F61)+6)-SEARCH("line ",F61)-5)*1,"") | I61: =IF(E61=1,MID(F61,SEARCH("Time: ",F61)+6,SEARCH(" ",F61,SEARCH("Time: ",F61)+7)-SEARCH("Time: ",F61)-6)*1,"")
A62: Third segment: {35,41,38,41,22,29,35} | E62: =IF(LEFT(A62,7)="SOLVED!",1,"") | F62: =IF(E62=1,RIGHT(A62,LEN(A62)-26),"") | G62: =IF(E62=1,LEFT(F62,SEARCH(" ",F62))*1,"") | H62: =IF(E62=1,MID(F62,SEARCH("line ",F62)+5,SEARCH(" ",F62,SEARCH("line ",F62)+6)-SEARCH("line ",F62)-5)*1,"") | I62: =IF(E62=1,MID(F62,SEARCH("Time: ",F62)+6,SEARCH(" ",F62,SEARCH("Time: ",F62)+7)-SEARCH("Time: ",F62)-6)*1,"")
E63: =IF(LEFT(A63,7)="SOLVED!",1,"") | F63: =IF(E63=1,RIGHT(A63,LEN(A63)-26),"") | G63: =IF(E63=1,LEFT(F63,SEARCH(" ",F63))*1,"") | H63: =IF(E63=1,MID(F63,SEARCH("line ",F63)+5,SEARCH(" ",F63,SEARCH("line ",F63)+6)-SEARCH("line ",F63)-5)*1,"") | I63: =IF(E63=1,MID(F63,SEARCH("Time: ",F63)+6,SEARCH(" ",F63,SEARCH("Time: ",F63)+7)-SEARCH("Time: ",F63)-6)*1,"")
A64: SOLVED! New button count: 73.0 for line 15 (Time: 0.0004107952117919922 seconds) | E64: =IF(LEFT(A64,7)="SOLVED!",1,"") -> 1 | F64: =IF(E64=1,RIGHT(A64,LEN(A64)-26),"") -> 73.0 for line 15 (Time: 0.0004107952117919922 seconds) | G64: =IF(E64=1,LEFT(F64,SEARCH(" ",F64))*1,"") -> 73 | H64: =IF(E64=1,MID(F64,SEARCH("line ",F64)+5,SEARCH(" ",F64,SEARCH("line ",F64)+6)-SEARCH("line ",F64)-5)*1,"") -> 15 | I64: =IF(E64=1,MID(F64,SEARCH("Time: ",F64)+6,SEARCH(" ",F64,SEARCH("Time: ",F64)+7)-SEARCH("Time: ",F64)-6)*1,"") -> 0.00041079521
A65: Buttons: (2,4,5) (0,2,5) (2,3,4,5) (1,3,5) (0) (0,2,3,4,5) (0,1,2,4) | E65: =IF(LEFT(A65,7)="SOLVED!",1,"") | F65: =IF(E65=1,RIGHT(A65,LEN(A65)-26),"") | G65: =IF(E65=1,LEFT(F65,SEARCH(" ",F65))*1,"") | H65: =IF(E65=1,MID(F65,SEARCH("line ",F65)+5,SEARCH(" ",F65,SEARCH("line ",F65)+6)-SEARCH("line ",F65)-5)*1,"") | I65: =IF(E65=1,MID(F65,SEARCH("Time: ",F65)+6,SEARCH(" ",F65,SEARCH("Time: ",F65)+7)-SEARCH("Time: ",F65)-6)*1,"")
A66: Third segment: {53,157,66,173,51,193} | E66: =IF(LEFT(A66,7)="SOLVED!",1,"") | F66: =IF(E66=1,RIGHT(A66,LEN(A66)-26),"") | G66: =IF(E66=1,LEFT(F66,SEARCH(" ",F66))*1,"") | H66: =IF(E66=1,MID(F66,SEARCH("line ",F66)+5,SEARCH(" ",F66,SEARCH("line ",F66)+6)-SEARCH("line ",F66)-5)*1,"") | I66: =IF(E66=1,MID(F66,SEARCH("Time: ",F66)+6,SEARCH(" ",F66,SEARCH("Time: ",F66)+7)-SEARCH("Time: ",F66)-6)*1,"")
E67: =IF(LEFT(A67,7)="SOLVED!",1,"") | F67: =IF(E67=1,RIGHT(A67,LEN(A67)-26),"") | G67: =IF(E67=1,LEFT(F67,SEARCH(" ",F67))*1,"") | H67: =IF(E67=1,MID(F67,SEARCH("line ",F67)+5,SEARCH(" ",F67,SEARCH("line ",F67)+6)-SEARCH("line ",F67)-5)*1,"") | I67: =IF(E67=1,MID(F67,SEARCH("Time: ",F67)+6,SEARCH(" ",F67,SEARCH("Time: ",F67)+7)-SEARCH("Time: ",F67)-6)*1,"")
A68: SOLVED! New button count: 208.0 for line 16 (Time: 0.0003719329833984375 seconds) | E68: =IF(LEFT(A68,7)="SOLVED!",1,"") -> 1 | F68: =IF(E68=1,RIGHT(A68,LEN(A68)-26),"") -> 208.0 for line 16 (Time: 0.0003719329833984375 seconds) | G68: =IF(E68=1,LEFT(F68,SEARCH(" ",F68))*1,"") -> 208 | H68: =IF(E68=1,MID(F68,SEARCH("line ",F68)+5,SEARCH(" ",F68,SEARCH("line ",F68)+6)-SEARCH("line ",F68)-5)*1,"") -> 16 | I68: =IF(E68=1,MID(F68,SEARCH("Time: ",F68)+6,SEARCH(" ",F68,SEARCH("Time: ",F68)+7)-SEARCH("Time: ",F68)-6)*1,"") -> 0.00037193298
A69: Buttons: (0,3,4,6,7) (0,1,5) (2,3,4,5,6,7,8) (0,7,8) (0,1,2,4,5,8) (0,1,3,5) (0,1,2,3,5,6) (1,2,4,5,6,7) (0,3,5,6,7,8) (4,5,6) | E69: =IF(LEFT(A69,7)="SOLVED!",1,"") | F69: =IF(E69=1,RIGHT(A69,LEN(A69)-26),"") | G69: =IF(E69=1,LEFT(F69,SEARCH(" ",F69))*1,"") | H69: =IF(E69=1,MID(F69,SEARCH("line ",F69)+5,SEARCH(" ",F69,SEARCH("line ",F69)+6)-SEARCH("line ",F69)-5)*1,"") | I69: =IF(E69=1,MID(F69,SEARCH("Time: ",F69)+6,SEARCH(" ",F69,SEARCH("Time: ",F69)+7)-SEARCH("Time: ",F69)-6)*1,"")
A70: Third segment: {49,38,36,50,57,73,64,45,28} | E70: =IF(LEFT(A70,7)="SOLVED!",1,"") | F70: =IF(E70=1,RIGHT(A70,LEN(A70)-26),"") | G70: =IF(E70=1,LEFT(F70,SEARCH(" ",F70))*1,"") | H70: =IF(E70=1,MID(F70,SEARCH("line ",F70)+5,SEARCH(" ",F70,SEARCH("line ",F70)+6)-SEARCH("line ",F70)-5)*1,"") | I70: =IF(E70=1,MID(F70,SEARCH("Time: ",F70)+6,SEARCH(" ",F70,SEARCH("Time: ",F70)+7)-SEARCH("Time: ",F70)-6)*1,"")
E71: =IF(LEFT(A71,7)="SOLVED!",1,"") | F71: =IF(E71=1,RIGHT(A71,LEN(A71)-26),"") | G71: =IF(E71=1,LEFT(F71,SEARCH(" ",F71))*1,"") | H71: =IF(E71=1,MID(F71,SEARCH("line ",F71)+5,SEARCH(" ",F71,SEARCH("line ",F71)+6)-SEARCH("line ",F71)-5)*1,"") | I71: =IF(E71=1,MID(F71,SEARCH("Time: ",F71)+6,SEARCH(" ",F71,SEARCH("Time: ",F71)+7)-SEARCH("Time: ",F71)-6)*1,"")
A72: SOLVED! New button count: 87.0 for line 17 (Time: 0.0006918907165527344 seconds) | E72: =IF(LEFT(A72,7)="SOLVED!",1,"") -> 1 | F72: =IF(E72=1,RIGHT(A72,LEN(A72)-26),"") -> 87.0 for line 17 (Time: 0.0006918907165527344 seconds) | G72: =IF(E72=1,LEFT(F72,SEARCH(" ",F72))*1,"") -> 87 | H72: =IF(E72=1,MID(F72,SEARCH("line ",F72)+5,SEARCH(" ",F72,SEARCH("line ",F72)+6)-SEARCH("line ",F72)-5)*1,"") -> 17 | I72: =IF(E72=1,MID(F72,SEARCH("Time: ",F72)+6,SEARCH(" ",F72,SEARCH("Time: ",F72)+7)-SEARCH("Time: ",F72)-6)*1,"") -> 0.00069189072
A73: Buttons: (0,2,3,7,8) (3,4,5,8,9) (2,3) (4,6) (0,4,8,9) (2,3,6,7,9) (0,1,3,5,6,7,8,9) (0,1,2,3,4,5,6,7,9) (5,7,8) | E73: =IF(LEFT(A73,7)="SOLVED!",1,"") | F73: =IF(E73=1,RIGHT(A73,LEN(A73)-26),"") | G73: =IF(E73=1,LEFT(F73,SEARCH(" ",F73))*1,"") | H73: =IF(E73=1,MID(F73,SEARCH("line ",F73)+5,SEARCH(" ",F73,SEARCH("line ",F73)+6)-SEARCH("line ",F73)-5)*1,"") | I73: =IF(E73=1,MID(F73,SEARCH("Time: ",F73)+6,SEARCH(" ",F73,SEARCH("Time: ",F73)+7)-SEARCH("Time: ",F73)-6)*1,"")
A74: Third segment: {52,33,44,65,35,47,51,64,51,55} | E74: =IF(LEFT(A74,7)="SOLVED!",1,"") | F74: =IF(E74=1,RIGHT(A74,LEN(A74)-26),"") | G74: =IF(E74=1,LEFT(F74,SEARCH(" ",F74))*1,"") | H74: =IF(E74=1,MID(F74,SEARCH("line ",F74)+5,SEARCH(" ",F74,SEARCH("line ",F74)+6)-SEARCH("line ",F74)-5)*1,"") | I74: =IF(E74=1,MID(F74,SEARCH("Time: ",F74)+6,SEARCH(" ",F74,SEARCH("Time: ",F74)+7)-SEARCH("Time: ",F74)-6)*1,"")
E75: =IF(LEFT(A75,7)="SOLVED!",1,"") | F75: =IF(E75=1,RIGHT(A75,LEN(A75)-26),"") | G75: =IF(E75=1,LEFT(F75,SEARCH(" ",F75))*1,"") | H75: =IF(E75=1,MID(F75,SEARCH("line ",F75)+5,SEARCH(" ",F75,SEARCH("line ",F75)+6)-SEARCH("line ",F75)-5)*1,"") | I75: =IF(E75=1,MID(F75,SEARCH("Time: ",F75)+6,SEARCH(" ",F75,SEARCH("Time: ",F75)+7)-SEARCH("Time: ",F75)-6)*1,"")
A76: SOLVED! New button count: 93.0 for line 18 (Time: 0.0003731250762939453 seconds) | E76: =IF(LEFT(A76,7)="SOLVED!",1,"") -> 1 | F76: =IF(E76=1,RIGHT(A76,LEN(A76)-26),"") -> 93.0 for line 18 (Time: 0.0003731250762939453 seconds) | G76: =IF(E76=1,LEFT(F76,SEARCH(" ",F76))*1,"") -> 93 | H76: =IF(E76=1,MID(F76,SEARCH("line ",F76)+5,SEARCH(" ",F76,SEARCH("line ",F76)+6)-SEARCH("line ",F76)-5)*1,"") -> 18 | I76: =IF(E76=1,MID(F76,SEARCH("Time: ",F76)+6,SEARCH(" ",F76,SEARCH("Time: ",F76)+7)-SEARCH("Time: ",F76)-6)*1,"") -> 0.00037312508
A77: Buttons: (1,2,3) (0,2,3) (0,2) (2,3) (0,3) | E77: =IF(LEFT(A77,7)="SOLVED!",1,"") | F77: =IF(E77=1,RIGHT(A77,LEN(A77)-26),"") | G77: =IF(E77=1,LEFT(F77,SEARCH(" ",F77))*1,"") | H77: =IF(E77=1,MID(F77,SEARCH("line ",F77)+5,SEARCH(" ",F77,SEARCH("line ",F77)+6)-SEARCH("line ",F77)-5)*1,"") | I77: =IF(E77=1,MID(F77,SEARCH("Time: ",F77)+6,SEARCH(" ",F77,SEARCH("Time: ",F77)+7)-SEARCH("Time: ",F77)-6)*1,"")
A78: Third segment: {18,2,27,35} | E78: =IF(LEFT(A78,7)="SOLVED!",1,"") | F78: =IF(E78=1,RIGHT(A78,LEN(A78)-26),"") | G78: =IF(E78=1,LEFT(F78,SEARCH(" ",F78))*1,"") | H78: =IF(E78=1,MID(F78,SEARCH("line ",F78)+5,SEARCH(" ",F78,SEARCH("line ",F78)+6)-SEARCH("line ",F78)-5)*1,"") | I78: =IF(E78=1,MID(F78,SEARCH("Time: ",F78)+6,SEARCH(" ",F78,SEARCH("Time: ",F78)+7)-SEARCH("Time: ",F78)-6)*1,"")
E79: =IF(LEFT(A79,7)="SOLVED!",1,"") | F79: =IF(E79=1,RIGHT(A79,LEN(A79)-26),"") | G79: =IF(E79=1,LEFT(F79,SEARCH(" ",F79))*1,"") | H79: =IF(E79=1,MID(F79,SEARCH("line ",F79)+5,SEARCH(" ",F79,SEARCH("line ",F79)+6)-SEARCH("line ",F79)-5)*1,"") | I79: =IF(E79=1,MID(F79,SEARCH("Time: ",F79)+6,SEARCH(" ",F79,SEARCH("Time: ",F79)+7)-SEARCH("Time: ",F79)-6)*1,"")
A80: SOLVED! New button count: 35.0 for line 19 (Time: 0.0004639625549316406 seconds) | E80: =IF(LEFT(A80,7)="SOLVED!",1,"") -> 1 | F80: =IF(E80=1,RIGHT(A80,LEN(A80)-26),"") -> 35.0 for line 19 (Time: 0.0004639625549316406 seconds) | G80: =IF(E80=1,LEFT(F80,SEARCH(" ",F80))*1,"") -> 35 | H80: =IF(E80=1,MID(F80,SEARCH("line ",F80)+5,SEARCH(" ",F80,SEARCH("line ",F80)+6)-SEARCH("line ",F80)-5)*1,"") -> 19 | I80: =IF(E80=1,MID(F80,SEARCH("Time: ",F80)+6,SEARCH(" ",F80,SEARCH("Time: ",F80)+7)-SEARCH("Time: ",F80)-6)*1,"") -> 0.00046396255
A81: Buttons: (2,3) (1,2,3) (0,3,4) (1) (0,1) (0,2) | E81: =IF(LEFT(A81,7)="SOLVED!",1,"") | F81: =IF(E81=1,RIGHT(A81,LEN(A81)-26),"") | G81: =IF(E81=1,LEFT(F81,SEARCH(" ",F81))*1,"") | H81: =IF(E81=1,MID(F81,SEARCH("line ",F81)+5,SEARCH(" ",F81,SEARCH("line ",F81)+6)-SEARCH("line ",F81)-5)*1,"") | I81: =IF(E81=1,MID(F81,SEARCH("Time: ",F81)+6,SEARCH(" ",F81,SEARCH("Time: ",F81)+7)-SEARCH("Time: ",F81)-6)*1,"")
A82: Third segment: {53,36,31,29,18} | E82: =IF(LEFT(A82,7)="SOLVED!",1,"") | F82: =IF(E82=1,RIGHT(A82,LEN(A82)-26),"") | G82: =IF(E82=1,LEFT(F82,SEARCH(" ",F82))*1,"") | H82: =IF(E82=1,MID(F82,SEARCH("line ",F82)+5,SEARCH(" ",F82,SEARCH("line ",F82)+6)-SEARCH("line ",F82)-5)*1,"") | I82: =IF(E82=1,MID(F82,SEARCH("Time: ",F82)+6,SEARCH(" ",F82,SEARCH("Time: ",F82)+7)-SEARCH("Time: ",F82)-6)*1,"")
E83: =IF(LEFT(A83,7)="SOLVED!",1,"") | F83: =IF(E83=1,RIGHT(A83,LEN(A83)-26),"") | G83: =IF(E83=1,LEFT(F83,SEARCH(" ",F83))*1,"") | H83: =IF(E83=1,MID(F83,SEARCH("line ",F83)+5,SEARCH(" ",F83,SEARCH("line ",F83)+6)-SEARCH("line ",F83)-5)*1,"") | I83: =IF(E83=1,MID(F83,SEARCH("Time: ",F83)+6,SEARCH(" ",F83,SEARCH("Time: ",F83)+7)-SEARCH("Time: ",F83)-6)*1,"")
A84: SOLVED! New button count: 74.0 for line 20 (Time: 0.00033783912658691406 seconds) | E84: =IF(LEFT(A84,7)="SOLVED!",1,"") -> 1 | F84: =IF(E84=1,RIGHT(A84,LEN(A84)-26),"") -> 74.0 for line 20 (Time: 0.00033783912658691406 seconds) | G84: =IF(E84=1,LEFT(F84,SEARCH(" ",F84))*1,"") -> 74 | H84: =IF(E84=1,MID(F84,SEARCH("line ",F84)+5,SEARCH(" ",F84,SEARCH("line ",F84)+6)-SEARCH("line ",F84)-5)*1,"") -> 20 | I84: =IF(E84=1,MID(F84,SEARCH("Time: ",F84)+6,SEARCH(" ",F84,SEARCH("Time: ",F84)+7)-SEARCH("Time: ",F84)-6)*1,"") -> 0.00033783913
A85: Buttons: (0,3,4,5) (0,3,4) (0,1,2,5) (1,2,4,5) | E85: =IF(LEFT(A85,7)="SOLVED!",1,"") | F85: =IF(E85=1,RIGHT(A85,LEN(A85)-26),"") | G85: =IF(E85=1,LEFT(F85,SEARCH(" ",F85))*1,"") | H85: =IF(E85=1,MID(F85,SEARCH("line ",F85)+5,SEARCH(" ",F85,SEARCH("line ",F85)+6)-SEARCH("line ",F85)-5)*1,"") | I85: =IF(E85=1,MID(F85,SEARCH("Time: ",F85)+6,SEARCH(" ",F85,SEARCH("Time: ",F85)+7)-SEARCH("Time: ",F85)-6)*1,"")
A86: Third segment: {41,19,19,22,22,38} | E86: =IF(LEFT(A86,7)="SOLVED!",1,"") | F86: =IF(E86=1,RIGHT(A86,LEN(A86)-26),"") | G86: =IF(E86=1,LEFT(F86,SEARCH(" ",F86))*1,"") | H86: =IF(E86=1,MID(F86,SEARCH("line ",F86)+5,SEARCH(" ",F86,SEARCH("line ",F86)+6)-SEARCH("line ",F86)-5)*1,"") | I86: =IF(E86=1,MID(F86,SEARCH("Time: ",F86)+6,SEARCH(" ",F86,SEARCH("Time: ",F86)+7)-SEARCH("Time: ",F86)-6)*1,"")
E87: =IF(LEFT(A87,7)="SOLVED!",1,"") | F87: =IF(E87=1,RIGHT(A87,LEN(A87)-26),"") | G87: =IF(E87=1,LEFT(F87,SEARCH(" ",F87))*1,"") | H87: =IF(E87=1,MID(F87,SEARCH("line ",F87)+5,SEARCH(" ",F87,SEARCH("line ",F87)+6)-SEARCH("line ",F87)-5)*1,"") | I87: =IF(E87=1,MID(F87,SEARCH("Time: ",F87)+6,SEARCH(" ",F87,SEARCH("Time: ",F87)+7)-SEARCH("Time: ",F87)-6)*1,"")
A88: SOLVED! New button count: 41.0 for line 21 (Time: 0.0003218650817871094 seconds) | E88: =IF(LEFT(A88,7)="SOLVED!",1,"") -> 1 | F88: =IF(E88=1,RIGHT(A88,LEN(A88)-26),"") -> 41.0 for line 21 (Time: 0.0003218650817871094 seconds) | G88: =IF(E88=1,LEFT(F88,SEARCH(" ",F88))*1,"") -> 41 | H88: =IF(E88=1,MID(F88,SEARCH("line ",F88)+5,SEARCH(" ",F88,SEARCH("line ",F88)+6)-SEARCH("line ",F88)-5)*1,"") -> 21 | I88: =IF(E88=1,MID(F88,SEARCH("Time: ",F88)+6,SEARCH(" ",F88,SEARCH("Time: ",F88)+7)-SEARCH("Time: ",F88)-6)*1,"") -> 0.00032186508
A89: Buttons: (0,1,3) (2,4) (0,2,4) (1,2) | E89: =IF(LEFT(A89,7)="SOLVED!",1,"") | F89: =IF(E89=1,RIGHT(A89,LEN(A89)-26),"") | G89: =IF(E89=1,LEFT(F89,SEARCH(" ",F89))*1,"") | H89: =IF(E89=1,MID(F89,SEARCH("line ",F89)+5,SEARCH(" ",F89,SEARCH("line ",F89)+6)-SEARCH("line ",F89)-5)*1,"") | I89: =IF(E89=1,MID(F89,SEARCH("Time: ",F89)+6,SEARCH(" ",F89,SEARCH("Time: ",F89)+7)-SEARCH("Time: ",F89)-6)*1,"")
A90: Third segment: {7,21,35,6,20} | E90: =IF(LEFT(A90,7)="SOLVED!",1,"") | F90: =IF(E90=1,RIGHT(A90,LEN(A90)-26),"") | G90: =IF(E90=1,LEFT(F90,SEARCH(" ",F90))*1,"") | H90: =IF(E90=1,MID(F90,SEARCH("line ",F90)+5,SEARCH(" ",F90,SEARCH("line ",F90)+6)-SEARCH("line ",F90)-5)*1,"") | I90: =IF(E90=1,MID(F90,SEARCH("Time: ",F90)+6,SEARCH(" ",F90,SEARCH("Time: ",F90)+7)-SEARCH("Time: ",F90)-6)*1,"")
E91: =IF(LEFT(A91,7)="SOLVED!",1,"") | F91: =IF(E91=1,RIGHT(A91,LEN(A91)-26),"") | G91: =IF(E91=1,LEFT(F91,SEARCH(" ",F91))*1,"") | H91: =IF(E91=1,MID(F91,SEARCH("line ",F91)+5,SEARCH(" ",F91,SEARCH("line ",F91)+6)-SEARCH("line ",F91)-5)*1,"") | I91: =IF(E91=1,MID(F91,SEARCH("Time: ",F91)+6,SEARCH(" ",F91,SEARCH("Time: ",F91)+7)-SEARCH("Time: ",F91)-6)*1,"")
A92: SOLVED! New button count: 41.0 for line 22 (Time: 0.0003151893615722656 seconds) | E92: =IF(LEFT(A92,7)="SOLVED!",1,"") -> 1 | F92: =IF(E92=1,RIGHT(A92,LEN(A92)-26),"") -> 41.0 for line 22 (Time: 0.0003151893615722656 seconds) | G92: =IF(E92=1,LEFT(F92,SEARCH(" ",F92))*1,"") -> 41 | H92: =IF(E92=1,MID(F92,SEARCH("line ",F92)+5,SEARCH(" ",F92,SEARCH("line ",F92)+6)-SEARCH("line ",F92)-5)*1,"") -> 22 | I92: =IF(E92=1,MID(F92,SEARCH("Time: ",F92)+6,SEARCH(" ",F92,SEARCH("Time: ",F92)+7)-SEARCH("Time: ",F92)-6)*1,"") -> 0.00031518936
A93: Buttons: (0,2,4,6) (2,3,5,6) (0,7) (0,2,3,5,6,7) (0,2,3,4,5,7) (1,2,4) (0,1,4,5) | E93: =IF(LEFT(A93,7)="SOLVED!",1,"") | F93: =IF(E93=1,RIGHT(A93,LEN(A93)-26),"") | G93: =IF(E93=1,LEFT(F93,SEARCH(" ",F93))*1,"") | H93: =IF(E93=1,MID(F93,SEARCH("line ",F93)+5,SEARCH(" ",F93,SEARCH("line ",F93)+6)-SEARCH("line ",F93)-5)*1,"") | I93: =IF(E93=1,MID(F93,SEARCH("Time: ",F93)+6,SEARCH(" ",F93,SEARCH("Time: ",F93)+7)-SEARCH("Time: ",F93)-6)*1,"")
A94: Third segment: {62,32,67,37,49,52,46,34} | E94: =IF(LEFT(A94,7)="SOLVED!",1,"") | F94: =IF(E94=1,RIGHT(A94,LEN(A94)-26),"") | G94: =IF(E94=1,LEFT(F94,SEARCH(" ",F94))*1,"") | H94: =IF(E94=1,MID(F94,SEARCH("line ",F94)+5,SEARCH(" ",F94,SEARCH("line ",F94)+6)-SEARCH("line ",F94)-5)*1,"") | I94: =IF(E94=1,MID(F94,SEARCH("Time: ",F94)+6,SEARCH(" ",F94,SEARCH("Time: ",F94)+7)-SEARCH("Time: ",F94)-6)*1,"")
E95: =IF(LEFT(A95,7)="SOLVED!",1,"") | F95: =IF(E95=1,RIGHT(A95,LEN(A95)-26),"") | G95: =IF(E95=1,LEFT(F95,SEARCH(" ",F95))*1,"") | H95: =IF(E95=1,MID(F95,SEARCH("line ",F95)+5,SEARCH(" ",F95,SEARCH("line ",F95)+6)-SEARCH("line ",F95)-5)*1,"") | I95: =IF(E95=1,MID(F95,SEARCH("Time: ",F95)+6,SEARCH(" ",F95,SEARCH("Time: ",F95)+7)-SEARCH("Time: ",F95)-6)*1,"")
A96: SOLVED! New button count: 82.0 for line 23 (Time: 0.0003399848937988281 seconds) | E96: =IF(LEFT(A96,7)="SOLVED!",1,"") -> 1 | F96: =IF(E96=1,RIGHT(A96,LEN(A96)-26),"") -> 82.0 for line 23 (Time: 0.0003399848937988281 seconds) | G96: =IF(E96=1,LEFT(F96,SEARCH(" ",F96))*1,"") -> 82 | H96: =IF(E96=1,MID(F96,SEARCH("line ",F96)+5,SEARCH(" ",F96,SEARCH("line ",F96)+6)-SEARCH("line ",F96)-5)*1,"") -> 23 | I96: =IF(E96=1,MID(F96,SEARCH("Time: ",F96)+6,SEARCH(" ",F96,SEARCH("Time: ",F96)+7)-SEARCH("Time: ",F96)-6)*1,"") -> 0.00033998489
A97: Buttons: (1,7,8,9) (0,2,5,6,7,8,9) (2,8) (0,1,4,5,8,9) (0,1,2,3,5,6,7,8,9) (1,3,4,5,6,8,9) (0,1,2,3,4,5,7,8,9) (0,1,2,4,6,9) (5,7,8,9) (0,2,3,6,9) | E97: =IF(LEFT(A97,7)="SOLVED!",1,"") | F97: =IF(E97=1,RIGHT(A97,LEN(A97)-26),"") | G97: =IF(E97=1,LEFT(F97,SEARCH(" ",F97))*1,"") | H97: =IF(E97=1,MID(F97,SEARCH("line ",F97)+5,SEARCH(" ",F97,SEARCH("line ",F97)+6)-SEARCH("line ",F97)-5)*1,"") | I97: =IF(E97=1,MID(F97,SEARCH("Time: ",F97)+6,SEARCH(" ",F97,SEARCH("Time: ",F97)+7)-SEARCH("Time: ",F97)-6)*1,"")
A98: Third segment: {65,68,80,32,37,64,52,78,101,102} | E98: =IF(LEFT(A98,7)="SOLVED!",1,"") | F98: =IF(E98=1,RIGHT(A98,LEN(A98)-26),"") | G98: =IF(E98=1,LEFT(F98,SEARCH(" ",F98))*1,"") | H98: =IF(E98=1,MID(F98,SEARCH("line ",F98)+5,SEARCH(" ",F98,SEARCH("line ",F98)+6)-SEARCH("line ",F98)-5)*1,"") | I98: =IF(E98=1,MID(F98,SEARCH("Time: ",F98)+6,SEARCH(" ",F98,SEARCH("Time: ",F98)+7)-SEARCH("Time: ",F98)-6)*1,"")
E99: =IF(LEFT(A99,7)="SOLVED!",1,"") | F99: =IF(E99=1,RIGHT(A99,LEN(A99)-26),"") | G99: =IF(E99=1,LEFT(F99,SEARCH(" ",F99))*1,"") | H99: =IF(E99=1,MID(F99,SEARCH("line ",F99)+5,SEARCH(" ",F99,SEARCH("line ",F99)+6)-SEARCH("line ",F99)-5)*1,"") | I99: =IF(E99=1,MID(F99,SEARCH("Time: ",F99)+6,SEARCH(" ",F99,SEARCH("Time: ",F99)+7)-SEARCH("Time: ",F99)-6)*1,"")
A100: SOLVED! New button count: 119.0 for line 24 (Time: 0.0005109310150146484 seconds) | E100: =IF(LEFT(A100,7)="SOLVED!",1,"") -> 1 | F100: =IF(E100=1,RIGHT(A100,LEN(A100)-26),"") -> 119.0 for line 24 (Time: 0.0005109310150146484 seconds) | G100: =IF(E100=1,LEFT(F100,SEARCH(" ",F100))*1,"") -> 119 | H100: =IF(E100=1,MID(F100,SEARCH("line ",F100)+5,SEARCH(" ",F100,SEARCH("line ",F100)+6)-SEARCH("line ",F100)-5)*1,"") -> 24 | I100: =IF(E100=1,MID(F100,SEARCH("Time: ",F100)+6,SEARCH(" ",F100,SEARCH("Time: ",F100)+7)-SEARCH("Time: ",F100)-6)*1,"") -> 0.00051093102
...

Sheet By Line
B1: Ruby | C1: Ruby | D1: Python | E1: Python
A2: Line | B2: Count | C2: Seconds Taken | D2: Count | E2: Seconds Taken | F2: Line Diff | J2: Ruby | K2: Python
A3: 0 | B3: =INDEX('Raw Logs'!$G$3:$G$741,MATCH('By Line'!$A3,'Raw Logs'!$H$3:$H$741,0)) -> 45 | C3: =INDEX('Raw Logs'!$I$3:$I$741,MATCH('By Line'!$A3,'Raw Logs'!$H$3:$H$741,0)) -> 0.07 | D3: =INDEX('Raw Logs - Python'!$G$3:$G$800,MATCH('By Line'!$A3,'Raw Logs - Python'!$H$3:$H$800,0)) -> 45 | E3: =INDEX('Raw Logs - Python'!$I$3:$I$800,MATCH('By Line'!$A3,'Raw Logs - Python'!$H$3:$H$800,0)) -> 0.00097489357 | F3: =IF(B3-D3=0, "","ERROR") | I3: Current Total: | J3: =SUMIFS($B$3:$B$201,$B$3:$B$201, "<>#N/A" ) -> 19648 | K3: =SUMIFS($D$3:$D$201,$D$3:$D$201, "<>#N/A" ) -> 20869
A4: =A3+1 -> 1 | B4: =INDEX('Raw Logs'!$G$3:$G$741,MATCH('By Line'!$A4,'Raw Logs'!$H$3:$H$741,0)) -> 68 | C4: =INDEX('Raw Logs'!$I$3:$I$741,MATCH('By Line'!$A4,'Raw Logs'!$H$3:$H$741,0)) -> 2.23 | D4: =INDEX('Raw Logs - Python'!$G$3:$G$800,MATCH('By Line'!$A4,'Raw Logs - Python'!$H$3:$H$800,0)) -> 68 | E4: =INDEX('Raw Logs - Python'!$I$3:$I$800,MATCH('By Line'!$A4,'Raw Logs - Python'!$H$3:$H$800,0)) -> 0.00097107887 | F4: =IF(B4-D4=0, "","ERROR") | I4: Time Taken: | J4: =SUMIFS($C$3:$C$201,$C$3:$C$201, "<>#N/A" ) -> 771.66 | K4: =SUMIFS($E$3:$E$201,$E$3:$E$201, "<>#N/A" ) -> 0.097425461
A5: =A4+1 -> 2 | B5: =INDEX('Raw Logs'!$G$3:$G$741,MATCH('By Line'!$A5,'Raw Logs'!$H$3:$H$741,0)) -> 46 | C5: =INDEX('Raw Logs'!$I$3:$I$741,MATCH('By Line'!$A5,'Raw Logs'!$H$3:$H$741,0)) -> 0 | D5: =INDEX('Raw Logs - Python'!$G$3:$G$800,MATCH('By Line'!$A5,'Raw Logs - Python'!$H$3:$H$800,0)) -> 46 | E5: =INDEX('Raw Logs - Python'!$I$3:$I$800,MATCH('By Line'!$A5,'Raw Logs - Python'!$H$3:$H$800,0)) -> 0.00038504601 | F5: =IF(B5-D5=0, "","ERROR")
A6: =A5+1 -> 3 | B6: =INDEX('Raw Logs'!$G$3:$G$741,MATCH('By Line'!$A6,'Raw Logs'!$H$3:$H$741,0)) -> 58 | C6: =INDEX('Raw Logs'!$I$3:$I$741,MATCH('By Line'!$A6,'Raw Logs'!$H$3:$H$741,0)) -> 0.01 | D6: =INDEX('Raw Logs - Python'!$G$3:$G$800,MATCH('By Line'!$A6,'Raw Logs - Python'!$H$3:$H$800,0)) -> 58 | E6: =INDEX('Raw Logs - Python'!$I$3:$I$800,MATCH('By Line'!$A6,'Raw Logs - Python'!$H$3:$H$800,0)) -> 0.00038814545 | F6: =IF(B6-D6=0, "","ERROR")
A7: =A6+1 -> 4 | B7: =INDEX('Raw Logs'!$G$3:$G$741,MATCH('By Line'!$A7,'Raw Logs'!$H$3:$H$741,0)) -> 92 | C7: =INDEX('Raw Logs'!$I$3:$I$741,MATCH('By Line'!$A7,'Raw Logs'!$H$3:$H$741,0)) -> 0.13 | D7: =INDEX('Raw Logs - Python'!$G$3:$G$800,MATCH('By Line'!$A7,'Raw Logs - Python'!$H$3:$H$800,0)) -> 92 | E7: =INDEX('Raw Logs - Python'!$I$3:$I$800,MATCH('By Line'!$A7,'Raw Logs - Python'!$H$3:$H$800,0)) -> 0.00038909912 | F7: =IF(B7-D7=0, "","ERROR")
A8: =A7+1 -> 5 | B8: =INDEX('Raw Logs'!$G$3:$G$741,MATCH('By Line'!$A8,'Raw Logs'!$H$3:$H$741,0)) -> 126 | C8: =INDEX('Raw Logs'!$I$3:$I$741,MATCH('By Line'!$A8,'Raw Logs'!$H$3:$H$741,0)) -> 0.21 | D8: =INDEX('Raw Logs - Python'!$G$3:$G$800,MATCH('By Line'!$A8,'Raw Logs - Python'!$H$3:$H$800,0)) -> 126 | E8: =INDEX('Raw Logs - Python'!$I$3:$I$800,MATCH('By Line'!$A8,'Raw Logs - Python'!$H$3:$H$800,0)) -> 0.00037193298 | F8: =IF(B8-D8=0, "","ERROR")
A9: =A8+1 -> 6 | B9: =INDEX('Raw Logs'!$G$3:$G$741,MATCH('By Line'!$A9,'Raw Logs'!$H$3:$H$741,0)) -> 43 | C9: =INDEX('Raw Logs'!$I$3:$I$741,MATCH('By Line'!$A9,'Raw Logs'!$H$3:$H$741,0)) -> 0.04 | D9: =INDEX('Raw Logs - Python'!$G$3:$G$800,MATCH('By Line'!$A9,'Raw Logs - Python'!$H$3:$H$800,0)) -> 43 | E9: =INDEX('Raw Logs - Python'!$I$3:$I$800,MATCH('By Line'!$A9,'Raw Logs - Python'!$H$3:$H$800,0)) -> 0.00034213066 | F9: =IF(B9-D9=0, "","ERROR")
A10: =A9+1 -> 7 | B10: =INDEX('Raw Logs'!$G$3:$G$741,MATCH('By Line'!$A10,'Raw Logs'!$H$3:$H$741,0)) -> 35 | C10: =INDEX('Raw Logs'!$I$3:$I$741,MATCH('By Line'!$A10,'Raw Logs'!$H$3:$H$741,0)) -> 0 | D10: =INDEX('Raw Logs - Python'!$G$3:$G$800,MATCH('By Line'!$A10,'Raw Logs - Python'!$H$3:$H$800,0)) -> 35 | E10: =INDEX('Raw Logs - Python'!$I$3:$I$800,MATCH('By Line'!$A10,'Raw Logs - Python'!$H$3:$H$800,0)) -> 0.00031208992 | F10: =IF(B10-D10=0, "","ERROR")
A11: =A10+1 -> 8 | B11: =INDEX('Raw Logs'!$G$3:$G$741,MATCH('By Line'!$A11,'Raw Logs'!$H$3:$H$741,0)) -> 172 | C11: =INDEX('Raw Logs'!$I$3:$I$741,MATCH('By Line'!$A11,'Raw Logs'!$H$3:$H$741,0)) -> 0.02 | D11: =INDEX('Raw Logs - Python'!$G$3:$G$800,MATCH('By Line'!$A11,'Raw Logs - Python'!$H$3:$H$800,0)) -> 172 | E11: =INDEX('Raw Logs - Python'!$I$3:$I$800,MATCH('By Line'!$A11,'Raw Logs - Python'!$H$3:$H$800,0)) -> 0.00033688545 | F11: =IF(B11-D11=0, "","ERROR")
A12: =A11+1 -> 9 | B12: =INDEX('Raw Logs'!$G$3:$G$741,MATCH('By Line'!$A12,'Raw Logs'!$H$3:$H$741,0)) -> 128 | C12: =INDEX('Raw Logs'!$I$3:$I$741,MATCH('By Line'!$A12,'Raw Logs'!$H$3:$H$741,0)) -> 19.84 | D12: =INDEX('Raw Logs - Python'!$G$3:$G$800,MATCH('By Line'!$A12,'Raw Logs - Python'!$H$3:$H$800,0)) -> 128 | E12: =INDEX('Raw Logs - Python'!$I$3:$I$800,MATCH('By Line'!$A12,'Raw Logs - Python'!$H$3:$H$800,0)) -> 0.00085091591 | F12: =IF(B12-D12=0, "","ERROR")
A13: =A12+1 -> 10 | B13: =INDEX('Raw Logs'!$G$3:$G$741,MATCH('By Line'!$A13,'Raw Logs'!$H$3:$H$741,0)) -> 202 | C13: =INDEX('Raw Logs'!$I$3:$I$741,MATCH('By Line'!$A13,'Raw Logs'!$H$3:$H$741,0)) -> 0.38 | D13: =INDEX('Raw Logs - Python'!$G$3:$G$800,MATCH('By Line'!$A13,'Raw Logs - Python'!$H$3:$H$800,0)) -> 202 | E13: =INDEX('Raw Logs - Python'!$I$3:$I$800,MATCH('By Line'!$A13,'Raw Logs - Python'!$H$3:$H$800,0)) -> 0.00037813187 | F13: =IF(B13-D13=0, "","ERROR")
A14: =A13+1 -> 11 | B14: =INDEX('Raw Logs'!$G$3:$G$741,MATCH('By Line'!$A14,'Raw Logs'!$H$3:$H$741,0)) -> 99 | C14: =INDEX('Raw Logs'!$I$3:$I$741,MATCH('By Line'!$A14,'Raw Logs'!$H$3:$H$741,0)) -> 24.49 | D14: =INDEX('Raw Logs - Python'!$G$3:$G$800,MATCH('By Line'!$A14,'Raw Logs - Python'!$H$3:$H$800,0)) -> 99 | E14: =INDEX('Raw Logs - Python'!$I$3:$I$800,MATCH('By Line'!$A14,'Raw Logs - Python'!$H$3:$H$800,0)) -> 0.00095105171 | F14: =IF(B14-D14=0, "","ERROR")
A15: =A14+1 -> 12 | B15: =INDEX('Raw Logs'!$G$3:$G$741,MATCH('By Line'!$A15,'Raw Logs'!$H$3:$H$741,0)) -> 204 | C15: =INDEX('Raw Logs'!$I$3:$I$741,MATCH('By Line'!$A15,'Raw Logs'!$H$3:$H$741,0)) -> 12.51 | D15: =INDEX('Raw Logs - Python'!$G$3:$G$800,MATCH('By Line'!$A15,'Raw Logs - Python'!$H$3:$H$800,0)) -> 204 | E15: =INDEX('Raw Logs - Python'!$I$3:$I$800,MATCH('By Line'!$A15,'Raw Logs - Python'!$H$3:$H$800,0)) -> 0.00052213669 | F15: =IF(B15-D15=0, "","ERROR")
A16: =A15+1 -> 13 | B16: =INDEX('Raw Logs'!$G$3:$G$741,MATCH('By Line'!$A16,'Raw Logs'!$H$3:$H$741,0)) -> #N/A | C16: =INDEX('Raw Logs'!$I$3:$I$741,MATCH('By Line'!$A16,'Raw Logs'!$H$3:$H$741,0)) -> #N/A | D16: =INDEX('Raw Logs - Python'!$G$3:$G$800,MATCH('By Line'!$A16,'Raw Logs - Python'!$H$3:$H$800,0)) -> 114 | E16: =INDEX('Raw Logs - Python'!$I$3:$I$800,MATCH('By Line'!$A16,'Raw Logs - Python'!$H$3:$H$800,0)) -> 0.00087690353 | F16: =IF(B16-D16=0, "","ERROR") -> #N/A
... A201: =A200+1 -> 198 | B201: =INDEX('Raw Logs'!$G$3:$G$741,MATCH('By Line'!$A201,'Raw Logs'!$H$3:$H$741,0)) -> 256 | C201: =INDEX('Raw Logs'!$I$3:$I$741,MATCH('By Line'!$A201,'Raw Logs'!$H$3:$H$741,0)) -> 0.02 | D201: =INDEX('Raw Logs - Python'!$G$3:$G$800,MATCH('By Line'!$A201,'Raw Logs - Python'!$H$3:$H$800,0)) -> 256 | E201: =INDEX('Raw Logs - Python'!$I$3:$I$800,MATCH('By Line'!$A201,'Raw Logs - Python'!$H$3:$H$800,0)) -> 0.0003452301 | F201: =IF(B201-D201=0, "","ERROR")

Sheet 121
A2: Third segment: {88,54,61,53,46,58,67,51,88,33}
B3: Count | C3: PRESSES | E3: 0 | F3: 1 | G3: 2 | H3: 3 | I3: 4 | J3: 5 | K3: 6 | L3: 7 | M3: 8 | N3: 9 | P3: 0 | Q3: 1 | R3: 2 | S3: 3 | T3: 4 | U3: 5 | V3: 6 | W3: 7 | X3: 8 | Y3: 9
A4: (0,1,2,4,5,7,8,9) | B4: =SUM(D4:O4) -> 8 | C4: 10 | E4: 1 | F4: 1 | G4: 1 | I4: 1 | J4: 1 | L4: 1 | M4: 1 | N4: 1 | P4: =$C4*E4 -> 10 | Q4: =$C4*F4 -> 10 | R4: =$C4*G4 -> 10 | S4: =$C4*H4 -> 0 | T4: =$C4*I4 -> 10 | U4: =$C4*J4 -> 10 | V4: =$C4*K4 -> 0 | W4: =$C4*L4 -> 10 | ... Y4: =$C4*N4 -> 10
A5: (0,2,3,4,6,7,8,9) | B5: =SUM(D5:O5) -> 8 | C5: 8 | E5: 1 | G5: 1 | H5: 1 | I5: 1 | K5: 1 | L5: 1 | M5: 1 | N5: 1 | P5: =$C5*E5 -> 8 | Q5: =$C5*F5 -> 0 | R5: =$C5*G5 -> 8 | S5: =$C5*H5 -> 8 | T5: =$C5*I5 -> 8 | U5: =$C5*J5 -> 0 | V5: =$C5*K5 -> 8 | W5: =$C5*L5 -> 8 | ... Y5: =$C5*N5 -> 8
A6: (0,1,2,4,5,6,8) | B6: =SUM(D6:O6) -> 7 | C6: 10 | E6: 1 | F6: 1 | G6: 1 | I6: 1 | J6: 1 | K6: 1 | M6: 1 | P6: =$C6*E6 -> 10 | Q6: =$C6*F6 -> 10 | R6: =$C6*G6 -> 10 | S6: =$C6*H6 -> 0 | T6: =$C6*I6 -> 10 | U6: =$C6*J6 -> 10 | V6: =$C6*K6 -> 10 | W6: =$C6*L6 -> 0 | ... Y6: =$C6*N6 -> 0
A7: (0,1,2,3,6,7,8) | B7: =SUM(D7:O7) -> 7 | C7: 7 | E7: 1 | F7: 1 | G7: 1 | H7: 1 | K7: 1 | L7: 1 | M7: 1 | P7: =$C7*E7 -> 7 | Q7: =$C7*F7 -> 7 | R7: =$C7*G7 -> 7 | S7: =$C7*H7 -> 7 | T7: =$C7*I7 -> 0 | U7: =$C7*J7 -> 0 | V7: =$C7*K7 -> 7 | W7: =$C7*L7 -> 7 | ... Y7: =$C7*N7 -> 0
A8: (0,2,3,6,7,9) | B8: =SUM(D8:O8) -> 6 | E8: 1 | G8: 1 | H8: 1 | K8: 1 | L8: 1 | N8: 1 | P8: =$C8*E8 -> 0 | Q8: =$C8*F8 -> 0 | R8: =$C8*G8 -> 0 | S8: =$C8*H8 -> 0 | T8: =$C8*I8 -> 0 | U8: =$C8*J8 -> 0 | V8: =$C8*K8 -> 0 | W8: =$C8*L8 -> 0 | ... Y8: =$C8*N8 -> 0
A9: (0,1,2,3,4,5,6,8) | B9: =SUM(D9:O9) -> 8 | C9: 5 | E9: 1 | F9: 1 | G9: 1 | H9: 1 | I9: 1 | J9: 1 | K9: 1 | M9: 1 | P9: =$C9*E9 -> 5 | Q9: =$C9*F9 -> 5 | R9: =$C9*G9 -> 5 | S9: =$C9*H9 -> 5 | T9: =$C9*I9 -> 5 | U9: =$C9*J9 -> 5 | V9: =$C9*K9 -> 5 | W9: =$C9*L9 -> 0 | ... Y9: =$C9*N9 -> 0
A10: (0,1,2,3,4,5,8,9) | B10: =SUM(D10:O10) -> 8 | E10: 1 | F10: 1 | G10: 1 | H10: 1 | I10: 1 | J10: 1 | M10: 1 | N10: 1 | P10: =$C10*E10 -> 0 | Q10: =$C10*F10 -> 0 | R10: =$C10*G10 -> 0 | S10: =$C10*H10 -> 0 | T10: =$C10*I10 -> 0 | U10: =$C10*J10 -> 0 | V10: =$C10*K10 -> 0 | W10: =$C10*L10 -> 0 | ... Y10: =$C10*N10 -> 0
A11: (0,1,2,3,6,7,8,9) | B11: =SUM(D11:O11) -> 8 | C11: 10 | E11: 1 | F11: 1 | G11: 1 | H11: 1 | K11: 1 | L11: 1 | M11: 1 | N11: 1 | P11: =$C11*E11 -> 10 | Q11: =$C11*F11 -> 10 | R11: =$C11*G11 -> 10 | S11: =$C11*H11 -> 10 | T11: =$C11*I11 -> 0 | U11: =$C11*J11 -> 0 | V11: =$C11*K11 -> 10 | W11: =$C11*L11 -> 10 | ... Y11: =$C11*N11 -> 10
A12: (0,3,4,6,7,8,9) | B12: =SUM(D12:O12) -> 7 | C12: 5 | E12: 1 | H12: 1 | I12: 1 | K12: 1 | L12: 1 | M12: 1 | N12: 1 | P12: =$C12*E12 -> 5 | Q12: =$C12*F12 -> 0 | R12: =$C12*G12 -> 0 | S12: =$C12*H12 -> 5 | T12: =$C12*I12 -> 5 | U12: =$C12*J12 -> 0 | V12: =$C12*K12 -> 5 | W12: =$C12*L12 -> 5 | ... Y12: =$C12*N12 -> 5
A13: (0,5,8) | B13: =SUM(D13:O13) -> 3 | E13: 1 | J13: 1 | M13: 1 | P13: =$C13*E13 -> 0 | Q13: =$C13*F13 -> 0 | R13: =$C13*G13 -> 0 | S13: =$C13*H13 -> 0 | T13: =$C13*I13 -> 0 | U13: =$C13*J13 -> 0 | V13: =$C13*K13 -> 0 | W13: =$C13*L13 -> 0 | ... Y13: =$C13*N13 -> 0
A14: (0,1,2,3,5,6,7,8) | B14: =SUM(D14:O14) -> 8 | C14: 10 | E14: 1 | F14: 1 | G14: 1 | H14: 1 | J14: 1 | K14: 1 | L14: 1 | M14: 1 | P14: =$C14*E14 -> 10 | Q14: =$C14*F14 -> 10 | R14: =$C14*G14 -> 10 | S14: =$C14*H14 -> 10 | T14: =$C14*I14 -> 0 | U14: =$C14*J14 -> 10 | V14: =$C14*K14 -> 10 | W14: =$C14*L14 -> 10 | ... Y14: =$C14*N14 -> 0
A15: (0,2,5,6,7,8) | B15: =SUM(D15:O15) -> 6 | E15: 1 | G15: 1 | J15: 1 | K15: 1 | L15: 1 | M15: 1 | P15: =$C15*E15 -> 0 | Q15: =$C15*F15 -> 0 | R15: =$C15*G15 -> 0 | S15: =$C15*H15 -> 0 | T15: =$C15*I15 -> 0 | U15: =$C15*J15 -> 0 | V15: =$C15*K15 -> 0 | W15: =$C15*L15 -> 0 | ... Y15: =$C15*N15 -> 0
A16: (1) | B16: =SUM(D16:O16) -> 1 | F16: 1 | P16: =$C16*E16 -> 0 | Q16: =$C16*F16 -> 0 | R16: =$C16*G16 -> 0 | S16: =$C16*H16 -> 0 | T16: =$C16*I16 -> 0 | U16: =$C16*J16 -> 0 | V16: =$C16*K16 -> 0 | W16: =$C16*L16 -> 0 | ... Y16: =$C16*N16 -> 0
A18: Sum | P18: =SUM(P4:P16) -> 65 | Q18: =SUM(Q4:Q16) -> 52 | R18: =SUM(R4:R16) -> 60 | S18: =SUM(S4:S16) -> 45 | T18: =SUM(T4:T16) -> 38 | U18: =SUM(U4:U16) -> 35 | V18: =SUM(V4:V16) -> 55 | W18: =SUM(W4:W16) -> 50 | ... Y18: =SUM(Y4:Y16) -> 33
A19: To go | P19: =P20-P18 -> 23 | Q19: =Q20-Q18 -> 2 | R19: =R20-R18 -> 1 | S19: =S20-S18 -> 8 | T19: =T20-T18 -> 8 | U19: =U20-U18 -> 23 | V19: =V20-V18 -> 12 | W19: =W20-W18 -> 1 | ... Y19: =Y20-Y18 -> 0
A20: Goal | P20: 88 | Q20: 54 | R20: 61 | S20: 53 | T20: 46 | U20: 58 | V20: 67 | W20: 51 | X20: 88 | Y20: 33
